time_s,fx_N,fy_N,fz_N,tx_Nm,ty_Nm,tz_Nm
0.019052,4.184146,-2.199073,-1.604373,0.228752,-0.002846,1.102751
0.080819,4.190721,-1.968669,-1.744033,0.188919,-0.013415,1.063765
0.121710,4.196937,-1.931459,-1.596957,0.227778,-0.000365,1.076304
0.168674,4.202994,-2.344932,-1.675281,0.256846,-0.000104,1.153654
0.222066,3.997382,-1.933354,-1.578227,0.205467,-0.010133,1.077713
0.270274,4.043034,-2.076295,-1.717566,0.207050,-0.048726,1.093441
0.320916,4.018180,-2.198372,-1.527246,0.234902,0.018377,1.121474
0.369043,3.984165,-1.956526,-1.749794,0.183334,-0.046605,1.070368
0.419484,4.102192,-2.050970,-1.573795,0.191093,0.004425,1.036291
0.468853,4.040546,-1.900858,-1.611083,0.167859,-0.036339,1.034429
0.518828,4.151893,-2.038170,-1.737587,0.228613,-0.017743,1.110093
0.568944,4.113968,-2.214104,-1.497005,0.253570,0.013592,1.139474
0.621201,4.140623,-1.930271,-1.731798,0.194668,-0.018957,1.045083
0.668690,4.250274,-2.079396,-1.649447,0.210242,-0.006217,1.096817
0.719779,4.144826,-2.122574,-1.651618,0.192827,0.006322,1.082419
0.770020,4.000427,-1.878277,-1.583408,0.195498,-0.016797,1.051751
0.819572,4.151133,-2.088593,-1.695876,0.200172,-0.029049,1.075046
0.868740,4.135903,-2.093150,-1.622048,0.211739,-0.025606,1.110532
0.918966,4.209255,-1.883548,-1.638383,0.179373,0.007212,1.038819
0.972270,4.116261,-2.027074,-1.560946,0.189673,-0.004363,1.070699
1.019241,4.149379,-2.041955,-1.686811,0.196114,-0.003435,1.082303
1.071867,4.101885,-1.958931,-1.589253,0.176636,-0.009996,1.046092
1.120148,4.084806,-2.019555,-1.634486,0.207066,-0.004130,1.082457
1.170353,4.237261,-2.117964,-1.660455,0.227532,0.013354,1.104666
1.219159,4.108298,-2.031674,-1.611492,0.201999,-0.003385,1.065481
1.268564,4.112488,-1.942589,-1.623854,0.195887,0.010716,1.066321
1.318936,4.245958,-2.033075,-1.605350,0.198440,0.017936,1.064749
1.376018,4.174413,-2.075504,-1.735734,0.213577,-0.011367,1.087078
1.419532,4.217618,-1.842051,-1.614758,0.193996,0.007494,1.046272
1.469507,4.115508,-2.177238,-1.747332,0.207117,-0.044531,1.102973
1.525877,4.287889,-1.903530,-1.632841,0.212350,0.008022,1.060020
1.568647,4.180315,-2.059730,-1.783802,0.235007,-0.053951,1.124036
1.618914,4.226045,-2.059415,-1.558597,0.204457,0.042563,1.079373
1.672300,3.953675,-1.942443,-1.714853,0.191196,-0.036615,1.052896
1.719247,3.894640,-2.055119,-1.439899,0.215280,0.011576,1.079485
1.769319,4.229755,-2.156761,-1.698657,0.218383,-0.008405,1.100513
1.823118,4.089500,-1.919156,-1.655787,0.176389,-0.002451,1.040323
1.868768,4.104803,-2.042674,-1.560716,0.202414,-0.009782,1.070004
1.943817,4.062732,-2.017498,-1.551284,0.209759,0.000987,1.083212
1.974238,4.093397,-1.985336,-1.604139,0.203653,-0.018596,1.083504
2.045587,4.197306,-2.138701,-1.596608,0.203926,0.026592,1.099403
2.096116,4.115497,-1.892139,-1.668061,0.183210,-0.013941,1.028269
2.143619,4.197557,-2.018872,-1.579533,0.202863,0.023777,1.075845
2.196115,4.099733,-1.940153,-1.607250,0.170817,-0.025658,1.027590
2.248674,4.201525,-1.993194,-1.740073,0.202727,-0.012173,1.070566
2.294098,4.282467,-2.116086,-1.567187,0.214481,0.025149,1.087127
2.346175,4.072006,-2.053649,-1.645182,0.196412,-0.001839,1.084392
2.397876,3.958757,-1.901211,-1.604051,0.198078,-0.014463,1.029056
2.444186,4.207005,-2.088570,-1.788422,0.190714,-0.045358,1.056833
2.494369,4.009204,-1.969953,-1.692991,0.209262,-0.038878,1.076888
2.548077,4.213537,-2.036349,-1.657312,0.213152,0.006899,1.095989
2.594426,4.199327,-2.132886,-1.582061,0.216947,0.009585,1.087952
2.633571,4.050495,-2.001043,-1.582327,0.213115,0.008818,1.092825
2.698436,4.151684,-2.052902,-1.705056,0.179733,-0.020440,1.076873
2.745375,4.326829,-2.111895,-1.545519,0.202152,0.049122,1.091863
2.793807,4.039299,-1.974389,-1.743315,0.212207,-0.044131,1.071075
2.849432,4.181589,-1.987639,-1.595235,0.196314,0.013955,1.066804
2.896812,4.407634,-2.074517,-1.738535,0.202548,-0.004357,1.092221
2.944150,4.169000,-2.041749,-1.669267,0.225657,-0.017694,1.099493
2.995654,3.817417,-2.208452,-1.478804,0.231037,0.015854,1.127294
3.045385,4.019594,-2.007469,-1.575758,0.216949,-0.004077,1.096852
3.094199,3.906734,-2.325764,-1.583677,0.245280,0.013945,1.157810
3.144345,3.984022,-2.199809,-1.584518,0.219506,0.002729,1.115920
3.193771,3.825103,-1.839410,-1.590717,0.154486,-0.020219,1.007996
3.244704,4.146422,-2.267587,-1.709323,0.238750,-0.036237,1.147903
3.293972,4.420636,-1.916810,-1.650017,0.213005,0.012716,1.051930
3.343733,4.211208,-1.849642,-1.622360,0.199208,0.029843,1.050640
3.395805,4.331529,-2.048639,-1.553276,0.214577,0.022032,1.079178
3.445820,4.409825,-2.107660,-1.850362,0.231723,-0.048150,1.113534
3.495530,3.986703,-1.894403,-1.631556,0.165246,-0.042227,1.047798
3.545127,4.074754,-2.062718,-1.751070,0.179510,-0.048952,1.052130
3.594554,4.196239,-2.012192,-1.605574,0.202744,-0.014997,1.050556
3.643896,4.061302,-1.987190,-1.691050,0.204246,-0.013654,1.094519
3.694220,4.315078,-2.046287,-1.556163,0.205200,0.056205,1.072830
3.743863,4.213709,-2.066660,-1.611939,0.207294,0.003056,1.096388
3.793855,4.130221,-1.924042,-1.751307,0.197158,-0.037634,1.065965
3.844072,4.228196,-2.101824,-1.525682,0.189425,0.022161,1.085072
3.894388,4.176487,-1.896747,-1.685021,0.174042,0.017927,1.021166
3.945283,3.979696,-1.973226,-1.546384,0.185640,0.009922,1.066625
4.001498,4.170231,-2.197312,-1.710818,0.221756,-0.017597,1.107912
4.046775,4.098907,-1.853802,-1.612661,0.185866,0.011833,1.032450
4.093786,4.139716,-2.154585,-1.605740,0.215503,0.005639,1.115021
4.148957,4.207790,-2.022429,-1.605215,0.195882,0.020719,1.067334
4.195463,4.025865,-1.903076,-1.667364,0.211377,-0.031331,1.059564
4.246490,4.109468,-2.139016,-1.566102,0.201879,0.005415,1.080767
4.300546,4.079621,-1.908377,-1.600037,0.194147,0.015111,1.049759
4.344065,4.048973,-1.991799,-1.642003,0.198232,-0.010809,1.057211
4.394149,4.178113,-2.063729,-1.504552,0.192710,0.042112,1.058406
4.449070,4.187159,-1.907817,-1.707596,0.189252,0.004035,1.063865
4.495208,4.100175,-2.092182,-1.596200,0.213454,-0.009688,1.076413
4.544270,4.219066,-2.094644,-1.689652,0.212181,-0.003831,1.095071
4.600130,4.095780,-1.965668,-1.701907,0.217793,-0.036379,1.086508
4.644243,4.258072,-2.235201,-1.641751,0.217328,0.005467,1.123195
4.720494,4.115998,-1.918583,-1.634091,0.210584,-0.004129,1.068119
4.768930,4.128245,-1.991608,-1.664217,0.207707,-0.007356,1.077380
4.820868,4.310723,-2.104835,-1.622909,0.191379,0.016589,1.069399
4.874824,3.990719,-1.840032,-1.740503,0.162279,-0.043006,1.020403
4.919162,4.189538,-1.919855,-1.558556,0.146295,-0.000415,1.023605
4.969196,4.229478,-2.262218,-1.710373,0.239566,-0.020419,1.144632
5.022978,4.135302,-1.934617,-1.642713,0.207360,-0.005086,1.077351
5.069054,4.092574,-2.062433,-1.627581,0.197207,-0.009596,1.056426
5.119233,4.112859,-2.023913,-1.578179,0.214312,0.033565,1.063618
5.175817,4.144196,-1.967366,-1.671280,0.192495,-0.012559,1.066995
5.218960,4.118104,-2.015276,-1.694994,0.188017,-0.019521,1.050417
5.270510,4.135072,-1.926993,-1.753131,0.218816,-0.051417,1.066029
5.322921,4.130765,-2.162039,-1.646590,0.209763,-0.021654,1.105597
5.368894,4.122944,-2.044994,-1.558225,0.212786,0.017083,1.089036
5.419793,4.207283,-1.937510,-1.678800,0.199686,0.017694,1.078112
5.472936,4.215736,-2.189187,-1.611199,0.200988,-0.027626,1.094389
5.519366,4.063600,-1.978426,-1.642301,0.208634,0.001353,1.085984
5.570038,4.077495,-2.081598,-1.600359,0.215449,-0.006713,1.119122
5.619047,4.180938,-2.056039,-1.600217,0.178048,0.010090,1.071480
5.669897,4.092020,-1.836667,-1.830813,0.171111,-0.046670,1.005254
5.719070,4.139054,-2.059586,-1.595261,0.201967,-0.003948,1.078737
5.768807,4.243902,-2.070480,-1.673196,0.199574,0.012442,1.095062
5.819069,4.155291,-1.828397,-1.659749,0.176629,0.003102,0.997025
5.869279,4.086626,-2.253234,-1.599119,0.230516,-0.002546,1.146852
5.918987,4.185543,-1.959521,-1.627785,0.217690,0.017059,1.069229
5.971564,4.073222,-2.031920,-1.673766,0.194011,-0.028776,1.091324
6.019221,4.190298,-2.043240,-1.636350,0.180418,-0.012200,1.047590
6.070712,4.156649,-1.892856,-1.636287,0.190213,0.012763,1.046144
6.119402,4.224332,-2.116745,-1.613460,0.210783,0.008297,1.093746
6.169177,4.239988,-2.004955,-1.603742,0.190452,0.025900,1.076816
6.219181,4.083053,-1.888926,-1.672149,0.179105,-0.033036,1.023508
6.271116,4.217291,-1.981140,-1.575591,0.158901,0.008828,1.029598
6.319373,4.077537,-1.928344,-1.709830,0.199244,-0.033579,1.059460
6.369616,4.155123,-2.016494,-1.664694,0.204767,-0.023996,1.080897
6.422132,4.187524,-2.035308,-1.541160,0.185971,0.037426,1.060704
6.469108,3.984158,-1.923156,-1.644170,0.183657,-0.028823,1.036906
6.519086,4.140563,-2.054732,-1.666992,0.216617,-0.013202,1.083994
6.569106,4.160459,-2.033491,-1.658233,0.199578,-0.000549,1.080548
6.626142,3.975504,-2.012397,-1.602411,0.196544,-0.026974,1.070570
6.669583,4.101685,-2.084948,-1.692246,0.200219,-0.031332,1.077737
6.721185,4.099588,-1.985113,-1.643650,0.199737,-0.011791,1.065760
6.773824,4.203490,-2.026812,-1.616706,0.198149,0.016469,1.059423
6.819330,4.135115,-2.021382,-1.605379,0.196859,0.013635,1.052528
6.869023,4.052552,-2.003498,-1.680608,0.184804,-0.031594,1.069120
6.924080,4.085852,-2.080726,-1.675670,0.209925,-0.043174,1.091385
6.968773,4.146298,-1.942852,-1.685192,0.200953,-0.023806,1.043884
7.019623,4.037814,-1.967705,-1.662348,0.178148,-0.034844,1.058007
7.073417,4.109922,-2.042721,-1.602590,0.207632,0.005396,1.089497
7.119975,4.147690,-1.944319,-1.669650,0.174840,-0.024615,1.037948
7.194614,4.091066,-2.020142,-1.559688,0.207322,0.009086,1.084620
7.222933,4.221341,-1.964877,-1.681826,0.150420,-0.017953,1.024910
7.294205,4.173227,-2.058255,-1.701091,0.206696,-0.026243,1.101317
7.345236,4.083300,-2.016268,-1.681662,0.180592,-0.032456,1.053704
7.394414,4.092537,-1.947483,-1.627393,0.188530,-0.010473,1.040082
7.447235,4.041226,-2.079571,-1.676315,0.212177,-0.032520,1.101126
7.499034,4.154431,-1.973833,-1.645651,0.200390,-0.005884,1.045189
7.544340,4.188038,-1.968208,-1.667539,0.191311,0.004781,1.048060
7.594382,4.202563,-1.992438,-1.614351,0.195000,0.027675,1.071455
7.648486,4.133491,-2.002708,-1.712672,0.190019,-0.022733,1.082164
7.694802,4.115912,-2.085011,-1.637204,0.228288,-0.013915,1.113291
7.747270,4.146233,-1.988052,-1.567664,0.189476,0.020269,1.061036
7.798057,4.154930,-1.931297,-1.652389,0.188150,-0.016736,1.023210
7.846470,4.062451,-2.065205,-1.592410,0.224023,-0.010888,1.082994
7.895703,4.083026,-1.995287,-1.639875,0.182887,-0.015000,1.067103
7.947850,4.171271,-2.008291,-1.623209,0.188094,0.001802,1.071217
7.996558,4.106023,-2.083830,-1.649833,0.205331,-0.015929,1.094833
8.044981,4.068688,-2.011069,-1.640390,0.196453,-0.017515,1.065648
8.100963,4.162296,-2.025169,-1.670183,0.218886,0.005979,1.066470
8.144112,4.096731,-1.996011,-1.675173,0.194900,-0.018815,1.057561
8.194249,4.085304,-1.970531,-1.624867,0.182564,-0.013155,1.056491
8.244453,4.086179,-2.079320,-1.650055,0.220409,-0.017150,1.085399
8.293787,4.082955,-2.129114,-1.653271,0.230378,-0.014178,1.134209
8.346249,4.117754,-1.967298,-1.611700,0.200170,0.003507,1.063158
8.394446,4.028131,-2.044101,-1.591987,0.191399,0.001769,1.065254
8.444564,4.067662,-1.947261,-1.674995,0.186702,-0.043729,1.050816
8.494836,4.070760,-2.000162,-1.608225,0.193104,-0.010279,1.061900
8.544855,4.121660,-2.014822,-1.642104,0.178559,-0.010228,1.060417
8.594488,4.146916,-2.018810,-1.630050,0.215322,0.001247,1.083598
8.646583,4.067171,-1.990340,-1.602218,0.197379,0.013346,1.054593
8.694579,4.026176,-2.031982,-1.599539,0.186157,-0.016813,1.061044
8.744177,4.142082,-1.942777,-1.692306,0.182440,-0.030646,1.063723
8.794772,4.148965,-2.026468,-1.594403,0.182971,0.007963,1.060749
8.844716,4.160956,-1.971009,-1.635382,0.184671,-0.004661,1.055040
8.894559,4.083150,-1.992869,-1.637003,0.211855,-0.017648,1.067220
8.946062,4.191971,-2.026302,-1.687048,0.188853,-0.018170,1.062838
8.995504,4.072190,-2.041741,-1.686223,0.229137,-0.024708,1.107836
9.044484,4.165480,-2.065947,-1.711326,0.232449,-0.029058,1.106787
9.097107,4.156163,-2.027766,-1.586462,0.197306,0.022436,1.077808
9.145487,4.169877,-1.944267,-1.710876,0.191997,-0.014499,1.046531
9.195177,4.112799,-2.081344,-1.641278,0.217536,-0.020818,1.110612
9.249406,4.267454,-1.933833,-1.614565,0.181316,0.020457,1.051965
9.296486,4.093109,-1.990646,-1.630758,0.201633,-0.014169,1.061949
9.344257,4.052543,-2.161833,-1.651778,0.228683,-0.020797,1.132547
9.400379,4.180406,-1.947750,-1.674590,0.188227,-0.004953,1.039312
9.469501,4.148141,-2.089514,-1.688890,0.220786,-0.018300,1.104219
9.519992,4.183321,-1.998991,-1.576102,0.203450,0.023253,1.079209
9.549284,4.119610,-1.961566,-1.593025,0.207242,0.008929,1.052989
9.619262,4.078387,-1.965573,-1.585371,0.188517,-0.001648,1.035908
9.669683,4.115774,-1.967734,-1.612886,0.196678,0.013837,1.050994
9.698258,4.211686,-1.971284,-1.744238,0.202385,-0.015539,1.060169
9.769284,4.029022,-2.076230,-1.619636,0.204697,-0.024558,1.105501
9.819185,4.103098,-1.891878,-1.683090,0.166287,-0.018030,1.029043
9.869613,4.122387,-2.084433,-1.682109,0.192638,-0.022989,1.082412
9.919530,4.073887,-2.035772,-1.686751,0.198388,-0.030660,1.081236
9.969038,4.112665,-2.054809,-1.641426,0.216873,-0.019931,1.090388
10.022660,4.106287,-2.109309,-1.682164,0.221014,-0.025938,1.105873
10.070434,4.055325,-2.028020,-1.603366,0.184035,-0.003852,1.072374
10.124416,4.203572,-1.941326,-1.694043,0.166661,-0.022970,1.034187
10.169530,4.166421,-2.050506,-1.576722,0.208762,0.016658,1.088677
10.219411,4.094235,-1.943157,-1.609645,0.197553,0.012750,1.040509
10.273480,4.139833,-1.984514,-1.608919,0.172716,0.006054,1.047183
10.319625,4.123632,-1.959229,-1.569621,0.185176,0.023016,1.054926
10.369504,4.149273,-1.919226,-1.657658,0.176860,-0.018356,1.025383
10.423314,4.177819,-2.034100,-1.692856,0.189159,-0.024466,1.072241
10.470665,3.999776,-2.021743,-1.551634,0.183742,0.011647,1.085167
10.519254,4.159094,-1.961408,-1.624732,0.183141,-0.003469,1.053936
10.573398,4.160058,-1.949090,-1.636942,0.196976,0.006926,1.031288
10.619437,4.074415,-2.000268,-1.652409,0.215151,-0.026879,1.074323
10.672163,4.146938,-1.951176,-1.615306,0.189118,0.003735,1.049296
10.724025,4.214454,-2.033709,-1.639718,0.216883,0.010736,1.079422
10.769622,4.219307,-1.957408,-1.657887,0.202707,0.003530,1.051485
10.820617,4.167268,-2.056131,-1.605007,0.212895,0.005511,1.085636
10.869385,4.244249,-1.968396,-1.567597,0.177653,0.037449,1.046039
10.919315,4.090305,-2.058954,-1.616689,0.215150,-0.005307,1.079638
10.970553,4.068599,-2.044889,-1.667458,0.216634,-0.026844,1.094540
11.019612,4.141210,-1.917349,-1.619866,0.146766,0.012769,1.008150
11.068905,4.183546,-2.033845,-1.491512,0.207523,0.047604,1.078182
11.120356,4.068603,-2.013633,-1.526261,0.247249,0.019077,1.115628
11.169736,4.111795,-2.363862,-1.706319,0.258873,-0.000217,1.174539
11.219306,3.229710,-1.924933,-1.216949,0.153836,0.044434,0.969801
11.270495,4.110829,-2.031942,-1.955950,0.144216,-0.132509,1.056704
11.319693,3.909513,-2.110430,-1.710723,0.159816,-0.083455,1.023545
11.369646,3.710835,-1.807559,-1.725472,0.149728,-0.081640,1.018349
11.421016,4.670568,-1.982184,-1.733023,0.197139,-0.021805,1.086478
11.472840,4.675436,-2.249668,-1.717538,0.251801,0.013690,1.156856
11.519484,4.377343,-1.719508,-1.621415,0.183235,0.003564,1.032656
11.571791,4.560832,-1.616666,-1.680762,0.181091,0.021520,1.002169
11.619459,4.429302,-2.361184,-1.700959,0.216590,0.015491,1.122583
11.670007,4.068701,-1.792055,-1.603154,0.127074,-0.021494,0.977661
11.719764,3.690713,-1.771917,-1.792998,0.145201,-0.087415,0.997564
11.769822,4.348611,-2.383622,-1.478352,0.243621,0.041529,1.153490
11.819476,4.138235,-2.098967,-1.812206,0.228823,-0.032953,1.115678
11.876084,3.837685,-1.856038,-1.307419,0.213811,0.066505,1.079491
11.919537,4.242775,-2.298808,-1.589515,0.262729,0.033019,1.142735
11.969926,4.199523,-2.178159,-1.671782,0.201478,-0.005709,1.089555
12.023551,3.749795,-1.758594,-1.499815,0.160535,-0.002157,1.005579
12.070613,4.041953,-2.020979,-1.732314,0.171103,-0.043938,1.053411
12.124098,4.313248,-2.149572,-1.577472,0.203618,0.021325,1.066151
12.173798,3.923948,-1.846972,-1.752710,0.176546,-0.033453,1.046116
12.219932,4.204149,-1.987599,-1.610814,0.208537,-0.010468,1.090646
12.269093,4.351345,-2.382515,-1.753916,0.262525,-0.010919,1.158755
12.324001,4.168659,-1.762645,-1.540412,0.183656,0.018365,1.027940
12.370621,4.063796,-1.917184,-1.732559,0.170474,-0.056684,1.018369
12.419491,4.261889,-2.239669,-1.714909,0.214140,-0.023500,1.116463
12.473082,4.190360,-1.796608,-1.699630,0.187005,-0.028135,1.039537
12.544497,4.247652,-2.155161,-1.495271,0.199954,0.032531,1.096658
12.594638,4.174631,-1.872985,-1.792481,0.151958,-0.031976,1.017850
12.644647,4.096349,-1.913510,-1.586368,0.183621,-0.005203,1.028323
12.695007,4.106222,-1.986136,-1.645695,0.218252,-0.013153,1.083939
12.749689,4.229873,-2.062897,-1.790089,0.207549,-0.046001,1.089915
12.794463,4.118087,-2.078319,-1.504506,0.188673,-0.010287,1.093905
12.844517,4.193567,-1.861688,-1.835950,0.191570,-0.038416,1.048900
12.899075,4.261742,-2.135128,-1.503371,0.217778,0.031763,1.094188
12.944802,4.315513,-2.165797,-1.843664,0.202171,-0.032623,1.099521
12.994695,3.969201,-1.811784,-1.488967,0.187280,0.030639,1.050528
13.048563,4.190449,-2.207342,-1.673142,0.192449,0.005139,1.092248
13.095673,3.997905,-2.181170,-1.530331,0.214786,0.000814,1.111643
13.145012,3.999310,-1.800820,-1.581063,0.162909,0.005414,1.013934
13.198776,4.278545,-2.240159,-1.610996,0.230590,0.032188,1.124849
13.244637,4.117466,-2.114587,-1.500730,0.205825,0.026291,1.106393
13.294179,4.063475,-1.948148,-1.703028,0.201722,-0.007240,1.087754
13.349396,4.229272,-2.058567,-1.497630,0.186359,0.032211,1.053817
13.394856,4.179323,-2.032246,-1.799001,0.191165,-0.031663,1.075247
13.446689,4.047851,-1.838119,-1.545488,0.180650,-0.005790,1.001722
13.494723,4.147964,-2.071862,-1.635084,0.191051,-0.014726,1.049169
13.545134,4.207182,-1.894685,-1.693732,0.179482,-0.009070,1.019382
13.595067,4.147963,-2.003413,-1.651610,0.196292,-0.013330,1.073977
13.644512,4.190612,-1.963552,-1.760206,0.201631,-0.021762,1.064551
13.694541,4.036525,-1.985949,-1.649895,0.175807,-0.036094,1.064763
13.744544,4.114519,-2.093510,-1.605408,0.203947,0.007415,1.082571
13.794865,3.983898,-1.967039,-1.613650,0.191064,-0.024571,1.057427
13.844494,4.215968,-1.987922,-1.689996,0.214634,-0.005431,1.067343
13.894528,4.050802,-2.044598,-1.657939,0.218098,-0.031606,1.067413
13.945104,4.068959,-1.915261,-1.601007,0.178952,-0.002282,1.055526
13.995128,4.153168,-2.021600,-1.721318,0.172616,-0.037492,1.056123
14.044419,4.097268,-1.983297,-1.646562,0.187768,-0.003421,1.064172
14.094949,4.108267,-1.968548,-1.684091,0.176780,-0.024589,1.069947
14.146889,4.095062,-2.042241,-1.611533,0.206427,-0.011506,1.069955
14.195167,4.077065,-2.008800,-1.680118,0.197037,-0.024366,1.079054
14.244952,4.188900,-1.961961,-1.605167,0.194258,0.009644,1.047443
14.296299,4.205358,-1.985567,-1.664884,0.196580,-0.006144,1.065713
14.344288,4.096542,-1.944303,-1.662553,0.196352,-0.005954,1.035792
14.395481,4.174970,-2.037906,-1.583587,0.195710,0.037272,1.089802
14.444674,4.066251,-2.021995,-1.695847,0.210918,-0.038252,1.064349
14.500764,4.054698,-1.997385,-1.636970,0.197009,-0.005461,1.037160
14.545090,4.132319,-1.974463,-1.652153,0.185134,-0.001338,1.046514
14.594630,4.089188,-2.038881,-1.637966,0.200040,-0.021696,1.100981
14.648499,4.130229,-2.064304,-1.698283,0.196859,-0.026888,1.062679
14.694741,4.028934,-2.026805,-1.565876,0.193316,0.008588,1.070552
14.745623,4.155082,-1.968893,-1.642070,0.222278,0.007933,1.072054
14.799318,4.145396,-2.096013,-1.636438,0.208868,-0.014738,1.083326
14.844856,4.230360,-1.883767,-1.666156,0.161037,-0.012448,1.012374
14.894614,4.099397,-1.941020,-1.601052,0.192707,-0.002915,1.062227
14.949135,4.205748,-2.064373,-1.581221,0.182279,0.022773,1.068439
14.995166,4.129800,-2.044785,-1.657973,0.192520,-0.011112,1.084606
15.044926,4.096446,-2.001556,-1.669227,0.217421,-0.032660,1.096710
15.099481,4.137560,-2.013888,-1.649805,0.177954,-0.008875,1.059261
15.144849,4.086336,-2.041206,-1.612222,0.196294,-0.023183,1.089105
15.195037,4.135881,-2.020463,-1.680985,0.197846,-0.005212,1.062037
15.244897,4.003563,-1.962931,-1.576538,0.202052,-0.006391,1.060505
15.295199,4.188428,-1.997427,-1.712348,0.176030,-0.019847,1.036246
15.373832,4.077617,-1.876336,-1.624145,0.198363,0.009144,1.039586
15.419708,4.196316,-1.878498,-1.675764,0.170951,-0.011454,1.048598
15.469688,4.161516,-2.174035,-1.632894,0.203420,-0.030123,1.084367
15.523274,3.973279,-2.001759,-1.672208,0.202130,-0.020693,1.095760
15.569739,4.127840,-1.960315,-1.583425,0.188835,-0.001533,1.058343
15.619732,4.191191,-2.167920,-1.710994,0.217145,-0.041283,1.090098
15.674049,4.148371,-1.901709,-1.648289,0.184434,-0.004902,1.034504
15.722976,4.074067,-2.074338,-1.538385,0.250421,0.033355,1.123651
15.771151,4.049281,-2.192737,-1.633471,0.222923,-0.028189,1.133289
15.826062,4.054731,-1.961383,-1.636754,0.189209,-0.012101,1.052397
15.869409,4.067402,-2.018307,-1.694822,0.197055,-0.038409,1.079175
15.919896,4.241546,-1.991458,-1.643288,0.185613,0.012528,1.061840
15.974307,4.208530,-2.054123,-1.636746,0.197111,0.000393,1.068343
16.019727,4.163607,-1.883797,-1.584249,0.193279,0.015843,1.028696
16.070084,4.226971,-1.974701,-1.748460,0.198595,-0.018793,1.076812
16.120124,4.273404,-2.139745,-1.589708,0.210463,0.018835,1.107971
16.170147,4.011719,-1.939792,-1.681966,0.179079,-0.032188,1.050393
16.219598,4.078978,-1.988190,-1.556805,0.197429,0.029989,1.082235
16.270227,4.148502,-2.059157,-1.586071,0.176207,0.006326,1.059419
16.320366,4.077896,-2.048946,-1.695907,0.211299,-0.033789,1.094070
16.369786,4.021811,-2.025155,-1.549556,0.228202,0.014304,1.091055
16.420217,4.195630,-2.118618,-1.674463,0.206036,-0.009282,1.093890
16.470634,4.163473,-1.998676,-1.546484,0.207054,0.018751,1.074010
16.520160,4.049737,-2.041107,-1.689197,0.211154,-0.024934,1.099135
16.570376,4.181421,-1.975202,-1.656161,0.181184,-0.006384,1.050917
16.619430,4.148998,-2.022965,-1.727101,0.183852,-0.030929,1.065362
16.669863,4.168503,-2.003995,-1.646395,0.212520,-0.000192,1.073660
16.720399,4.108552,-1.889443,-1.637108,0.162557,-0.007325,1.022913
16.769962,4.180604,-2.127816,-1.615753,0.227103,0.015808,1.114958
16.820188,4.086596,-2.050161,-1.670654,0.204955,-0.042299,1.096529
16.870642,4.105342,-2.019113,-1.635826,0.216432,0.004552,1.102939
16.921579,4.182773,-2.163206,-1.634697,0.230552,-0.015403,1.121856
16.972416,4.124921,-2.076856,-1.666942,0.216718,-0.003465,1.074658
17.021380,4.011967,-1.962621,-1.644701,0.226451,-0.018450,1.088719
17.069594,4.186687,-2.129754,-1.583367,0.208535,0.025613,1.089131
17.125175,4.120679,-2.028044,-1.637675,0.217499,-0.006001,1.085562
17.169873,3.994553,-1.868773,-1.601952,0.179815,-0.002209,1.045202
17.220262,4.148599,-2.094285,-1.627547,0.198001,-0.007543,1.073092
17.274359,4.113316,-2.033073,-1.703492,0.199355,-0.024015,1.069438
17.320312,4.044400,-1.880350,-1.560787,0.185642,0.003843,1.024288
17.371052,4.203608,-2.053410,-1.682696,0.195753,-0.013188,1.091946
17.424271,4.226313,-2.006135,-1.674862,0.184543,0.003349,1.058652
17.470613,4.046185,-2.062675,-1.634154,0.212557,-0.026219,1.110290
17.544953,4.132137,-1.987697,-1.673009,0.191402,-0.014109,1.061568
17.573548,4.119937,-2.116274,-1.602324,0.224951,-0.010635,1.098101
17.634929,4.097049,-1.922017,-1.529431,0.168394,0.029172,1.042683
17.695324,4.141757,-2.075244,-1.613364,0.218065,0.025432,1.105098
17.726557,4.142719,-2.258446,-1.776648,0.253561,-0.065153,1.152147
17.795209,3.825042,-2.037703,-1.582243,0.205368,-0.036413,1.086368
17.844976,4.196955,-2.026216,-1.770452,0.188740,-0.036099,1.093785
17.895458,4.286963,-2.076090,-1.544999,0.193789,0.001076,1.069098
17.945326,4.034806,-1.963088,-1.715905,0.186115,-0.020899,1.061556
18.002296,4.030398,-1.984998,-1.580792,0.183500,-0.008813,1.049549
18.046093,4.231783,-2.027180,-1.670619,0.192089,0.002360,1.051532
18.095238,4.071412,-1.944895,-1.538021,0.163273,0.000577,1.053375
18.148971,4.105137,-1.946014,-1.745641,0.159309,-0.042061,1.045974
18.195258,4.222593,-2.022164,-1.639471,0.202043,-0.003317,1.096906
18.246274,4.203323,-2.149343,-1.545319,0.228893,0.026857,1.109817
18.299711,4.120859,-1.999615,-1.688384,0.223821,-0.001156,1.090332
18.345936,4.141532,-2.012915,-1.529577,0.205314,0.015326,1.072340
18.399129,4.259553,-2.084278,-1.720373,0.202882,-0.018959,1.073560
18.449974,4.023420,-1.978508,-1.572267,0.205670,0.010663,1.073065
18.495107,4.106283,-2.076035,-1.657112,0.204385,-0.017945,1.093718
18.545189,4.235554,-2.114681,-1.521449,0.202165,0.027854,1.106875
18.598822,4.029218,-1.969916,-1.644083,0.208680,0.004015,1.063966
18.645543,4.067844,-1.920547,-1.599436,0.192125,-0.011672,1.042264
18.695064,4.267189,-2.122369,-1.710708,0.198207,-0.008603,1.081970
18.746171,4.023466,-1.935296,-1.624785,0.196835,-0.021765,1.054528
18.795342,4.140386,-1.936981,-1.642951,0.176010,0.002451,1.037712
18.846420,4.139364,-2.115750,-1.614658,0.213920,-0.008429,1.089891
18.895434,4.169271,-1.957002,-1.721703,0.198763,-0.030076,1.062563
18.944739,4.135708,-1.962358,-1.740087,0.180955,-0.048488,1.043211
18.996186,4.111324,-2.141421,-1.516976,0.216147,-0.000486,1.113933
19.045021,4.186064,-1.892621,-1.744379,0.175084,-0.030630,1.021985
19.096151,4.093543,-2.137185,-1.563902,0.213563,-0.003249,1.120053
19.145488,4.125776,-1.913609,-1.724088,0.175081,-0.040285,1.024117
19.194984,4.094755,-2.090648,-1.579377,0.218639,-0.002300,1.115703
19.245686,4.205194,-2.011723,-1.627766,0.195642,0.015705,1.056554
19.294958,4.216372,-1.959826,-1.680488,0.174599,-0.006418,1.041172
19.345006,4.006666,-1.922630,-1.542951,0.192186,0.007624,1.041556
19.395059,4.266191,-2.214494,-1.739409,0.221584,-0.001250,1.109136
19.445237,4.075104,-1.921224,-1.451924,0.186297,0.035240,1.032995
19.495256,3.923681,-1.923769,-1.764782,0.175934,-0.043482,1.021685
19.545261,4.324372,-2.096442,-1.629208,0.196750,0.018097,1.079426
19.597145,4.062655,-2.003684,-1.738873,0.199126,-0.031217,1.070153
19.645637,4.233917,-1.883309,-1.585574,0.183120,0.022567,1.017327
19.696460,4.150149,-2.114893,-1.645133,0.204656,-0.005181,1.107635
19.750137,4.095525,-1.979301,-1.637823,0.180000,-0.000621,1.051213
19.795679,4.161697,-1.991597,-1.554091,0.202546,0.021648,1.062092
19.845083,4.103108,-2.056562,-1.734441,0.194262,-0.044357,1.056574
19.899544,4.100152,-2.032189,-1.538934,0.209715,0.005987,1.076385
19.945074,4.138201,-2.040254,-1.641563,0.209527,0.010081,1.076337
19.995306,4.085330,-1.917730,-1.567881,0.189002,-0.005220,1.042844
20.048735,4.177043,-1.992237,-1.802946,0.208624,-0.054247,1.053931
20.095088,4.069072,-2.181170,-1.706563,0.214365,-0.067108,1.126405
20.146049,4.142094,-1.886480,-1.583693,0.202027,0.033767,1.031812
20.199141,4.134250,-2.036380,-1.569160,0.182609,0.004477,1.057787
20.246189,4.169465,-2.182578,-1.546219,0.230732,0.012455,1.093989
20.295612,4.055887,-1.902957,-1.687623,0.198115,-0.012687,1.061638
20.352021,4.257173,-2.070990,-1.607624,0.200921,0.009646,1.054996
20.395262,4.080543,-2.259701,-1.684918,0.243202,-0.045717,1.139314
20.445458,3.990873,-1.807113,-1.574285,0.157446,0.004321,1.020706
20.497900,4.234012,-2.124738,-1.699636,0.198244,-0.016938,1.082451
20.547133,4.056530,-1.988451,-1.642823,0.189710,-0.038757,1.051912
20.595701,4.104444,-1.810773,-1.716146,0.173001,-0.039219,1.026638
20.644907,4.280207,-2.058319,-1.551078,0.200456,0.027951,1.053564
20.696790,4.271607,-2.003349,-1.673372,0.182917,0.008516,1.058527
20.745167,4.044274,-1.935470,-1.663852,0.202369,-0.008280,1.056200
20.795268,4.078371,-2.018280,-1.507535,0.195240,0.006857,1.075357
20.872544,4.241805,-2.152753,-1.603197,0.220728,0.007592,1.120445
20.924028,4.009073,-2.080488,-1.611311,0.215574,-0.021095,1.102086
20.970091,4.043589,-1.839242,-1.665093,0.180914,-0.025502,1.032450
21.020386,4.312657,-2.172581,-1.664688,0.208465,0.005438,1.087318
21.074501,4.081511,-1.937880,-1.650720,0.185685,-0.029664,1.046350
21.120272,3.978729,-1.790513,-1.620045,0.194627,-0.005534,1.041234
21.171039,4.348608,-2.382004,-1.677383,0.242334,0.000349,1.160342
21.225251,3.992635,-1.976736,-1.587824,0.199876,-0.009933,1.070255
21.270134,3.950367,-1.786737,-1.678622,0.165134,-0.034859,1.015823
21.322340,4.309263,-2.260328,-1.569788,0.219644,0.031116,1.108889
21.370179,4.107419,-1.876058,-1.708505,0.150959,-0.031716,1.018161
21.420127,4.096150,-1.932016,-1.646508,0.207200,-0.004561,1.076105
21.470768,4.225056,-2.176590,-1.671973,0.234507,-0.008411,1.101431
21.520353,4.205890,-2.089876,-1.675718,0.213359,-0.018557,1.117430
21.571910,4.119198,-1.955404,-1.652798,0.203548,-0.012952,1.058123
21.620292,4.166365,-2.106492,-1.601928,0.212493,0.013053,1.095617
21.673350,4.166912,-2.063117,-1.713216,0.198841,-0.025298,1.070314
21.720208,4.057360,-1.929336,-1.582846,0.172159,-0.020920,1.035493
21.772063,3.993338,-1.998204,-1.589790,0.196792,-0.006542,1.079375
21.820184,4.147074,-2.102694,-1.651118,0.217216,-0.024483,1.085992
21.870180,4.082487,-2.081552,-1.570543,0.204390,-0.002056,1.106510
21.920594,4.116525,-1.941900,-1.607718,0.197885,0.001626,1.055159
21.970380,4.232729,-2.209664,-1.605194,0.227076,0.007892,1.129420
22.020318,4.051175,-2.030484,-1.586856,0.198701,-0.000632,1.082313
22.070223,4.139656,-1.938312,-1.783531,0.205887,-0.033530,1.050428
22.120279,4.232216,-1.994316,-1.582340,0.188148,0.036672,1.032476
22.169894,4.117244,-1.970745,-1.725321,0.204209,-0.026365,1.070466
22.220835,4.079406,-2.067793,-1.565964,0.219477,0.010403,1.119949
22.272777,4.209308,-1.982204,-1.671869,0.185347,-0.020999,1.054286
22.320266,4.125615,-2.068439,-1.671862,0.200236,-0.031751,1.091014
22.378166,4.103810,-1.922883,-1.641308,0.174333,-0.005910,1.035902
22.420546,4.138026,-2.064812,-1.700413,0.199603,-0.032994,1.110224
22.470471,4.150295,-2.073049,-1.571836,0.201532,0.009839,1.076151
22.525435,3.943357,-2.008579,-1.642748,0.204409,-0.030009,1.097803
22.570414,4.085130,-1.984147,-1.673097,0.198070,-0.012105,1.052927
22.620404,4.240845,-2.096061,-1.688506,0.215540,-0.019869,1.100338
22.674656,3.988769,-1.996766,-1.677888,0.197335,-0.044744,1.065758
22.724055,4.085050,-1.994057,-1.568021,0.204275,0.032689,1.091468
22.770425,4.302892,-2.073405,-1.725073,0.200163,-0.018592,1.063316
22.825058,4.067917,-1.987592,-1.613899,0.172610,-0.010350,1.062526
22.870374,3.964960,-1.898288,-1.821343,0.189136,-0.075199,1.046695
22.921397,4.294703,-2.085217,-1.627908,0.207570,0.020131,1.063629
22.975002,4.102325,-2.044520,-1.638622,0.189779,-0.013632,1.085225
23.024510,3.989984,-1.853628,-1.614018,0.169180,-0.005478,1.021205
23.071036,4.242114,-2.059827,-1.632606,0.223741,-0.004160,1.104096
23.120790,4.429593,-2.136820,-1.612580,0.219926,0.061593,1.094813
23.170391,4.106232,-2.069774,-1.639127,0.231671,-0.010120,1.103552
23.220788,3.936857,-1.842709,-1.579329,0.184361,-0.019105,1.046185
23.270944,4.231921,-1.990475,-1.635922,0.191043,-0.005436,1.032085
23.320278,4.197673,-2.298417,-1.656631,0.209612,0.012918,1.123738
23.371989,3.932235,-1.623969,-1.536083,0.157570,-0.011349,0.976026
23.420521,4.355907,-2.127223,-1.715909,0.207429,-0.006210,1.080633
23.471916,4.221363,-2.354282,-1.542941,0.239775,0.024303,1.137739
23.520695,3.860152,-1.558473,-1.571763,0.147367,-0.003748,0.975573
23.570660,4.261134,-2.201506,-1.585415,0.221668,0.025700,1.107444
23.621596,4.415192,-2.319834,-1.643031,0.241441,0.028708,1.145520
23.670690,3.984571,-1.634365,-1.784852,0.169614,-0.057510,1.029233
23.746305,4.389955,-2.453250,-1.640980,0.261772,0.022141,1.169692
23.795357,4.118363,-1.893039,-1.663197,0.193905,-0.014197,1.042825
23.852857,3.997082,-2.022654,-1.508264,0.215271,0.013220,1.094942
23.895477,4.248096,-2.203660,-1.741866,0.248083,-0.021347,1.132090
23.945641,4.281576,-2.010391,-1.655313,0.198850,-0.015897,1.063240
23.995602,4.084830,-2.019019,-1.551918,0.196259,0.008693,1.078638
24.046417,4.056342,-1.965021,-1.601675,0.191529,-0.003651,1.050748
24.095713,4.135990,-2.169581,-1.677163,0.224218,-0.031931,1.098142
24.147685,4.088469,-2.101787,-1.519424,0.208951,0.019537,1.088426
24.196096,3.948030,-1.896462,-1.606062,0.214911,-0.016917,1.091770
24.245159,4.441492,-2.330018,-1.663050,0.239353,0.029459,1.156774
24.295574,4.093157,-2.005449,-1.480284,0.201089,0.021943,1.065237
24.345872,3.918894,-1.663358,-1.778051,0.150022,-0.043445,0.998941
24.397729,4.314970,-2.418863,-1.540901,0.245183,0.043767,1.153996
24.446723,4.107499,-2.069878,-1.678788,0.216408,-0.027110,1.085126
24.495737,3.911869,-1.782546,-1.654765,0.193168,-0.029755,1.050109
24.546930,4.371401,-2.354882,-1.551687,0.233018,0.048998,1.134107
24.595228,4.167556,-2.089449,-1.722428,0.222178,-0.033948,1.116699
24.636044,4.029859,-1.806071,-1.528284,0.174071,0.023214,1.039807
24.699470,4.217865,-2.226897,-1.742907,0.202658,-0.019405,1.095186
24.745649,4.203782,-1.985053,-1.621993,0.179771,-0.006786,1.059054
24.795574,4.168644,-1.955893,-1.605364,0.207166,0.017950,1.073690
24.846189,4.103790,-1.905315,-1.632205,0.181736,-0.007560,1.041447
24.896011,4.356087,-2.205480,-1.723393,0.216898,0.017259,1.151353
24.945157,4.149459,-2.065627,-1.444074,0.212144,0.046636,1.096736
24.999567,4.092760,-1.839960,-1.715317,0.187721,-0.030623,1.028496
25.045964,4.248724,-2.126975,-1.776097,0.210126,-0.039589,1.078592
25.095742,4.091838,-2.262270,-1.590120,0.210893,-0.020533,1.127568
25.150007,3.855419,-1.546923,-1.685818,0.131988,-0.051160,0.957610
25.198913,4.367322,-2.342064,-1.596328,0.224915,0.011049,1.168493
25.245641,4.174078,-2.281713,-1.620765,0.226547,0.021297,1.110775
25.300915,3.929036,-1.581566,-1.642073,0.179141,-0.019057,0.993574
25.345554,4.412597,-2.316328,-1.721460,0.220830,-0.004785,1.129484
25.396866,4.138671,-2.081513,-1.627980,0.220279,-0.015152,1.087458
25.450988,3.878707,-1.807464,-1.760800,0.178446,-0.070384,1.059650
25.499038,4.200118,-2.439698,-1.511894,0.255213,0.023999,1.192785
25.546144,4.192127,-1.950298,-1.730934,0.184651,-0.003300,1.065419
25.602155,4.133530,-1.919424,-1.669897,0.175703,-0.021315,1.049941
25.649325,4.096254,-2.178641,-1.537616,0.213820,0.013750,1.089793
25.696867,4.137266,-1.916202,-1.740461,0.184483,-0.012815,1.055450
25.747319,4.133124,-2.018202,-1.480830,0.179689,0.023669,1.057975
25.796437,4.089311,-1.993204,-1.668339,0.195390,-0.004489,1.052808
25.845737,4.101674,-1.891351,-1.669320,0.187708,-0.022102,1.031989
25.899303,4.148715,-2.201075,-1.670963,0.228177,-0.015407,1.123183
25.945716,4.119150,-1.904898,-1.676737,0.173281,-0.019820,1.049225
25.995748,4.147271,-1.996207,-1.644575,0.184813,-0.013386,1.057824
26.045660,4.237780,-2.046464,-1.622576,0.208996,0.016317,1.039561
26.095552,4.178966,-1.856693,-1.641194,0.182385,0.002457,1.045882
26.145885,4.163686,-2.096763,-1.763255,0.211829,-0.045524,1.078147
26.197324,4.000624,-2.072190,-1.571709,0.200864,-0.006106,1.083938
26.245722,4.052696,-1.916430,-1.627031,0.191084,-0.006647,1.048207
26.325076,4.143327,-2.142808,-1.612725,0.221703,-0.003094,1.103863
26.370621,4.063498,-1.855232,-1.689710,0.174467,-0.026510,1.025769
26.420752,4.052668,-2.045849,-1.574755,0.207475,-0.012886,1.081788
26.474082,4.302864,-2.004070,-1.759521,0.182651,-0.023867,1.043618
26.521305,4.037501,-1.889142,-1.595705,0.169693,-0.004001,1.019429
26.570581,4.187713,-1.932207,-1.704459,0.173161,-0.014795,1.041705
26.621433,4.273851,-2.064699,-1.692713,0.189440,-0.009138,1.085842
26.670689,3.895836,-2.069033,-1.531163,0.201143,0.001276,1.065016
26.720858,4.142546,-1.822009,-1.739602,0.164154,-0.045967,1.006633
26.750322,4.194429,-2.046861,-1.655185,0.199361,0.008560,1.083527
26.820801,4.025039,-2.012751,-1.649532,0.196945,-0.037079,1.083655
26.872931,4.162278,-2.032988,-1.601031,0.208018,0.024436,1.071547
26.901280,4.115613,-2.072957,-1.545672,0.194862,0.024951,1.088547
26.970411,4.101749,-1.948697,-1.660326,0.204023,0.001565,1.065695
27.020672,4.142943,-1.981349,-1.699193,0.183028,-0.034664,1.038915
27.071230,4.141397,-2.049572,-1.638554,0.180647,-0.004529,1.052046
27.122447,4.043609,-2.013455,-1.649223,0.216695,-0.020069,1.103756
27.170768,4.101887,-2.156916,-1.599419,0.218248,-0.008791,1.101600
27.221105,4.089093,-2.094477,-1.704342,0.218046,-0.023721,1.108383
27.270734,4.052999,-1.964846,-1.508987,0.219698,0.043434,1.097835
27.320790,4.244995,-2.160120,-1.657225,0.198854,0.026450,1.082802
27.370630,4.084283,-1.961725,-1.650078,0.161998,-0.028915,1.031547
27.422102,4.136229,-1.838580,-1.694399,0.188508,-0.020369,1.024379
27.471025,4.204566,-2.201312,-1.595581,0.202576,-0.000731,1.097102
27.520845,4.212248,-2.056142,-1.753972,0.225662,-0.036324,1.113188
27.570811,4.218735,-1.807372,-1.660180,0.186381,0.006407,1.029861
27.624897,4.295516,-2.092353,-1.632532,0.186463,0.011257,1.044680
27.670563,3.968223,-2.004175,-1.667305,0.199330,-0.025370,1.081939
27.721301,4.096546,-1.859335,-1.628172,0.185865,-0.002286,1.021289
27.779206,4.269771,-2.148234,-1.647708,0.215722,0.009577,1.096199
27.820751,4.092580,-1.881476,-1.670640,0.180770,-0.007115,1.033452
27.870975,4.143959,-2.079131,-1.539189,0.197666,0.028981,1.092292
27.924947,4.177052,-2.086819,-1.569072,0.201181,-0.000993,1.088184
27.970672,4.103710,-1.952797,-1.644200,0.182756,0.000411,1.060352
28.021094,3.986089,-2.065403,-1.519287,0.207106,0.003201,1.071105
28.076817,4.084533,-2.072717,-1.646043,0.214912,-0.000739,1.107770
28.121670,4.110156,-2.063382,-1.664603,0.208233,-0.020253,1.088323
28.171834,4.046485,-2.032898,-1.582686,0.204319,0.012455,1.045318
28.225051,4.127453,-1.902485,-1.744438,0.200272,-0.042625,1.032031
28.270951,4.259588,-2.035107,-1.596385,0.204474,0.034081,1.067461
28.321130,4.136350,-2.075638,-1.659962,0.197489,-0.010922,1.082932
28.371089,4.254194,-1.910929,-1.599234,0.208604,0.022556,1.062783
28.420986,4.198306,-2.171634,-1.645837,0.228374,-0.001520,1.132293
28.471454,4.193552,-1.980460,-1.632126,0.184902,-0.010250,1.037781
28.520452,4.056582,-1.998815,-1.639561,0.219048,-0.011316,1.094909
28.570903,4.092302,-2.046546,-1.578007,0.213647,-0.001952,1.084031
28.621021,4.170310,-2.142310,-1.596201,0.204547,-0.004411,1.099922
28.671953,4.039980,-1.942903,-1.591779,0.182233,0.010059,1.042404
28.720917,4.088874,-2.129617,-1.621959,0.223591,-0.015629,1.106398
28.772079,4.105241,-2.040084,-1.695592,0.206318,-0.019772,1.075243
28.820892,4.012343,-1.922013,-1.611546,0.193352,0.002487,1.045654
28.875739,3.925877,-2.115447,-1.605994,0.200877,-0.029094,1.074231
28.922655,4.155923,-2.011940,-1.719123,0.201039,-0.046913,1.084994
28.971280,4.069574,-1.968100,-1.617211,0.169761,-0.003683,1.047723
29.022349,4.070208,-2.189358,-1.623236,0.225369,0.013243,1.116426
29.070483,4.092449,-1.992898,-1.596557,0.200766,-0.004365,1.093818
29.120792,4.160064,-1.991392,-1.559265,0.185071,0.021376,1.045868
29.171263,4.116535,-2.086217,-1.688625,0.224619,-0.016389,1.075483
29.222062,4.116496,-2.022730,-1.626945,0.219452,0.000315,1.082696
29.271028,4.154534,-2.103347,-1.615770,0.213758,-0.004847,1.088110
29.320928,4.062156,-2.003177,-1.689031,0.197663,-0.025061,1.083539
29.375356,4.110215,-1.963720,-1.675432,0.186818,-0.010350,1.048496
29.445811,4.030710,-1.972307,-1.649162,0.191047,-0.022425,1.054949
29.496148,4.098697,-2.017213,-1.612358,0.190655,-0.006268,1.074540
29.525521,4.146945,-1.960137,-1.648617,0.185662,-0.000843,1.039761
29.596154,4.096820,-1.970234,-1.608725,0.182040,-0.007260,1.049198
29.646021,4.211130,-1.958711,-1.671492,0.189001,-0.022057,1.059361
29.676239,4.116484,-2.022212,-1.666323,0.208739,-0.012633,1.064491
29.745828,4.095539,-2.022865,-1.629934,0.200130,-0.004612,1.082858
29.796102,4.234352,-1.987937,-1.686601,0.204973,-0.004462,1.081912
29.825035,4.042365,-2.012992,-1.649396,0.197494,-0.029525,1.071554
29.897292,4.112226,-2.034788,-1.648717,0.174767,-0.015834,1.064344
29.946472,4.068767,-1.999862,-1.524678,0.204283,0.017891,1.063105
29.975044,4.043159,-2.030595,-1.550846,0.197560,0.014239,1.096292
30.046048,4.225547,-1.984220,-1.695042,0.183527,-0.015624,1.047970
30.096546,4.194436,-2.035288,-1.635013,0.202188,0.000340,1.086494
30.145809,4.165249,-1.909732,-1.672845,0.194123,-0.025763,1.036786
30.198112,4.134483,-2.093433,-1.734849,0.210871,-0.026191,1.093050
30.250473,4.135372,-2.022486,-1.695145,0.214718,-0.014174,1.085001
30.296464,4.189954,-2.028227,-1.633206,0.207708,-0.003183,1.059373
30.346392,4.110096,-2.052507,-1.599921,0.198373,0.007857,1.072969
30.400179,4.037278,-2.075454,-1.591473,0.209637,-0.003079,1.093802
30.446252,4.196065,-1.951185,-1.600754,0.185021,0.028169,1.034546
30.496469,4.128165,-2.022344,-1.622754,0.190646,0.002253,1.063738
30.549950,4.113272,-2.065803,-1.626863,0.218142,0.004088,1.098966
30.596101,4.030296,-2.159857,-1.618121,0.207704,-0.013261,1.118263
30.646291,4.180091,-1.910984,-1.648324,0.177447,0.000631,1.032892
30.699627,4.065103,-1.920887,-1.635623,0.189220,-0.017684,1.035066
30.745512,4.217674,-1.990666,-1.621333,0.183692,-0.000391,1.046977
30.796807,4.113285,-1.984927,-1.563026,0.184301,0.008749,1.049482
30.849877,4.153511,-1.917984,-1.654894,0.179798,-0.007780,1.017350
30.896223,4.182030,-2.006879,-1.700718,0.206436,-0.005646,1.067690
30.945917,4.199986,-2.083311,-1.735436,0.219025,-0.028379,1.113389
30.996704,4.209412,-1.947069,-1.695517,0.177021,-0.007274,1.058754
31.046796,4.164413,-1.896513,-1.583137,0.148917,0.015683,1.013735
31.095917,4.124673,-1.957162,-1.641020,0.174818,0.002745,1.047021
31.146049,4.120031,-2.075091,-1.648058,0.221563,0.007167,1.094546
31.201620,4.198580,-1.929292,-1.654497,0.183835,-0.000094,1.055421
31.245865,4.228114,-2.041694,-1.599872,0.207123,0.027586,1.078743
31.296854,4.149306,-2.011144,-1.700655,0.200666,-0.036482,1.076901
31.345994,4.076868,-1.949611,-1.553678,0.181236,0.022602,1.048145
31.395740,4.083547,-1.967619,-1.644570,0.185696,-0.019372,1.046406
31.446501,4.181896,-2.025573,-1.667280,0.199585,-0.003905,1.069916
31.496838,4.070251,-1.929734,-1.748176,0.191802,-0.053782,1.047710
31.546150,4.121771,-2.027178,-1.618920,0.198015,0.004510,1.073333
31.596059,4.084647,-2.040679,-1.600538,0.200598,-0.017535,1.074365
31.646737,4.132598,-1.911407,-1.622967,0.170942,-0.006452,1.043548
31.696498,4.152471,-2.078242,-1.675124,0.211902,-0.018656,1.094557
31.747000,4.320623,-2.011823,-1.686641,0.190875,-0.002543,1.055955
31.796330,4.117806,-1.954538,-1.676210,0.191043,-0.024575,1.059953
31.846175,4.105020,-1.923219,-1.675570,0.179843,-0.036927,1.032070
31.900262,4.195576,-2.050466,-1.690460,0.185526,-0.024899,1.064835
31.948293,4.107860,-2.007457,-1.562734,0.207541,0.014684,1.070913
32.001735,4.070530,-1.963171,-1.678472,0.197183,-0.031431,1.044721
32.046147,4.225586,-2.050493,-1.636900,0.195671,0.002917,1.062131
32.100020,4.197742,-2.006267,-1.671998,0.191187,-0.009735,1.072006
32.149956,4.106663,-2.025695,-1.576070,0.199447,0.020070,1.067728
32.221405,4.167768,-1.946590,-1.668109,0.193759,-0.016122,1.042788
32.272111,4.185326,-1.972947,-1.645774,0.184591,0.000676,1.065139
32.299735,4.104526,-2.101368,-1.613292,0.209885,-0.000223,1.106683
32.373055,4.220073,-2.041216,-1.646373,0.202947,-0.000350,1.106663
32.421515,4.058919,-2.106496,-1.575784,0.201125,0.008182,1.091627
32.450197,4.220809,-2.048315,-1.518327,0.213251,0.045285,1.093027
32.521979,4.133854,-2.080635,-1.676494,0.199665,-0.010597,1.102913
32.572802,4.137115,-2.003124,-1.592509,0.195862,0.009050,1.046556
32.620696,4.198781,-1.996618,-1.746545,0.190451,-0.047147,1.073905
32.671622,4.137668,-1.940220,-1.684612,0.186634,-0.037638,1.050407
32.721323,4.153561,-2.000766,-1.689841,0.193263,-0.019563,1.059604
32.774297,4.225641,-1.903791,-1.653355,0.161459,-0.010110,1.013621
32.821380,4.044027,-1.928822,-1.706243,0.196589,-0.024301,1.058256
32.879873,4.150701,-2.137164,-1.614441,0.190371,-0.001856,1.096900
32.926507,4.335591,-2.035527,-1.748611,0.196869,-0.032854,1.062216
32.971049,4.046487,-1.857747,-1.704906,0.185390,-0.043004,1.057000
33.026056,4.308296,-2.099152,-1.647430,0.207066,0.004460,1.071967
33.071227,4.185520,-1.925351,-1.645876,0.179838,0.009425,1.036703
33.121671,4.036215,-1.943461,-1.610043,0.195574,-0.006056,1.070160
33.174780,4.248123,-2.155381,-1.765904,0.211458,-0.015997,1.100901
33.221059,4.090067,-2.056661,-1.669372,0.214633,-0.012249,1.114029
33.271191,4.117689,-1.992399,-1.593680,0.212999,0.007131,1.070792
33.324875,4.177659,-2.000103,-1.637542,0.214068,0.004180,1.047248
33.371042,4.005567,-2.040360,-1.678518,0.222502,-0.027721,1.094690
33.421218,4.168856,-2.032483,-1.553454,0.189522,0.037935,1.051389
33.474651,4.107177,-1.925946,-1.599965,0.194195,0.000865,1.046194
33.521172,4.096928,-2.051480,-1.754923,0.214681,-0.027889,1.102124
33.573365,4.180272,-2.030014,-1.608056,0.186287,0.001616,1.057216
33.621176,4.111147,-1.829367,-1.677322,0.173736,-0.001970,1.000508
33.672889,4.074180,-1.999637,-1.555963,0.186085,0.027660,1.055060
33.721296,4.214958,-2.023920,-1.569044,0.187031,0.014447,1.058554
33.771093,4.061477,-2.004757,-1.701999,0.210766,-0.010602,1.091425
33.824831,4.253685,-2.074857,-1.585160,0.183770,0.018746,1.079666
33.871471,4.132946,-2.017288,-1.738211,0.209752,-0.040833,1.066167
33.921231,4.140313,-2.046854,-1.623857,0.221468,0.008461,1.086967
33.971249,4.104914,-1.959607,-1.663789,0.187728,-0.025251,1.050102
34.021858,4.162681,-1.840094,-1.722225,0.152904,-0.021116,0.995833
34.071876,4.259433,-2.033298,-1.580396,0.199971,0.028767,1.071001
34.121726,4.143898,-1.884770,-1.700487,0.177678,-0.025470,1.040175
34.171916,4.119701,-2.035887,-1.640121,0.216694,-0.010345,1.085919
34.222114,4.231207,-2.127500,-1.707801,0.206994,-0.031861,1.095649
34.271506,4.140029,-1.943810,-1.664030,0.213231,0.000296,1.068917
34.321674,4.070682,-2.074960,-1.618054,0.196056,-0.006851,1.072925
34.371305,4.147635,-2.022233,-1.574434,0.189668,0.009908,1.040583
34.421207,4.123472,-1.993567,-1.634811,0.224132,0.018274,1.103070
34.471394,4.091442,-2.123837,-1.538922,0.212593,0.016892,1.086637
34.521399,4.205417,-2.008183,-1.679005,0.188637,-0.017092,1.077879
34.572195,4.099830,-1.892235,-1.665694,0.180277,-0.018049,1.027279
34.625481,4.163640,-1.987000,-1.530083,0.193683,0.026819,1.049682
34.671137,4.112411,-2.037249,-1.672089,0.196249,-0.018294,1.090029
34.721169,4.199101,-2.021331,-1.557233,0.187868,0.010034,1.073700
34.775171,4.013823,-1.946276,-1.636598,0.186197,-0.010485,1.033260
34.821703,4.142549,-2.040532,-1.598088,0.196376,0.008187,1.091427
34.872180,4.211240,-2.142549,-1.651581,0.208872,-0.004131,1.099107
34.924706,4.132010,-1.964694,-1.653168,0.217708,-0.013323,1.071411
34.998106,4.271114,-2.056623,-1.624578,0.178391,0.009366,1.059033
35.046831,4.009969,-1.943057,-1.584835,0.191263,-0.007687,1.049080
35.075664,4.187447,-2.057790,-1.723787,0.230769,-0.016166,1.099849
35.146444,4.176774,-2.016332,-1.533783,0.177007,0.020120,1.053117
35.196207,3.995471,-1.961593,-1.597875,0.197732,-0.015967,1.046540
35.225374,4.241509,-1.910360,-1.661235,0.178563,0.009782,1.027864
35.296796,4.147605,-1.931085,-1.607725,0.190761,0.001866,1.025948
35.346422,4.115684,-1.898815,-1.579949,0.152944,0.005922,1.022275
35.396865,4.120118,-2.043017,-1.632951,0.185731,-0.018822,1.069552
35.447066,4.160724,-1.991841,-1.644806,0.203677,0.001471,1.075454
35.503239,4.216545,-2.076163,-1.646959,0.202428,-0.000352,1.091579
35.546083,4.023570,-1.972188,-1.574703,0.180071,-0.009296,1.056008
35.597667,4.021394,-2.029433,-1.674066,0.207763,-0.038758,1.086590
35.650270,4.132482,-2.074603,-1.649954,0.196817,-0.005069,1.064121
35.696530,4.018623,-1.941101,-1.629655,0.163423,-0.028639,1.030815
35.746330,4.187192,-1.846863,-1.688048,0.160553,0.001085,1.006776
35.800176,4.150366,-2.104077,-1.584334,0.209914,-0.002278,1.103642
35.846715,4.188376,-1.893423,-1.627966,0.177022,0.005759,1.045013
35.896434,4.158693,-2.022152,-1.692211,0.191904,-0.022527,1.094886
35.952581,4.115508,-1.976492,-1.650536,0.199379,-0.046608,1.061150
35.997502,4.155843,-1.938770,-1.646801,0.176660,-0.005332,1.038880
36.046197,4.165344,-2.071174,-1.608422,0.183741,0.013534,1.067006
36.103988,3.989988,-2.068853,-1.695568,0.199992,-0.046804,1.110652
36.147612,4.159572,-1.943540,-1.607183,0.184547,0.002798,1.041833
36.202729,4.136721,-1.989758,-1.649615,0.192492,-0.009633,1.058835
36.248291,4.087807,-1.918390,-1.678081,0.195591,-0.043426,1.036754
36.296941,4.140396,-2.009204,-1.604082,0.188834,-0.004782,1.043242
36.346473,4.123674,-2.050832,-1.667619,0.203494,-0.003196,1.079733
36.396983,4.085961,-1.996330,-1.575216,0.209544,0.018025,1.085323
36.446388,4.282983,-2.032176,-1.621167,0.190600,0.037875,1.069036
36.497694,4.034908,-2.045359,-1.576801,0.187094,0.003064,1.080228
36.550514,4.024858,-1.938854,-1.629106,0.202299,-0.019951,1.051290
36.597051,4.190225,-2.084334,-1.672185,0.204295,-0.021250,1.080268
36.646507,4.183987,-1.924169,-1.631618,0.187147,0.001159,1.056836
36.696311,4.119068,-1.968106,-1.642434,0.194548,-0.010225,1.063206
36.747530,4.129955,-2.091994,-1.613161,0.207378,-0.020838,1.087702
36.798882,4.120326,-1.880975,-1.721678,0.173689,-0.040943,1.022657
36.849095,4.108907,-1.967550,-1.659089,0.197368,-0.008400,1.057025
36.896015,4.214882,-2.100220,-1.735192,0.209321,-0.041288,1.092673
36.946542,4.111806,-1.956658,-1.702206,0.192617,-0.038826,1.068638
36.996677,4.122929,-1.997998,-1.647868,0.188735,-0.004573,1.066406
37.046671,4.119626,-2.027790,-1.719059,0.187766,-0.036539,1.057913
37.097176,4.069539,-1.966677,-1.543901,0.206570,0.014582,1.060089
37.148224,4.116627,-2.073869,-1.700884,0.209438,-0.036043,1.069769
37.197110,4.153974,-1.948789,-1.587405,0.170021,0.013067,1.018197
37.250715,4.086533,-1.968504,-1.665154,0.195538,-0.017281,1.050107
37.296666,4.154174,-2.055543,-1.619315,0.208815,-0.002238,1.081960
37.347522,4.030090,-1.896077,-1.554134,0.168711,0.009882,1.017126
37.402123,4.045880,-1.997528,-1.640192,0.167435,-0.023094,1.060061
37.446452,4.120027,-1.977774,-1.640398,0.178742,-0.026164,1.038757
37.498878,4.059997,-1.971599,-1.654875,0.192883,-0.017210,1.044361
37.551788,4.039117,-1.988853,-1.615926,0.181872,-0.021151,1.040396
37.622848,4.073502,-2.090612,-1.691519,0.219715,-0.030585,1.113687
37.674307,4.137803,-1.937537,-1.569848,0.170655,0.008736,1.050123
37.721786,4.120709,-2.019868,-1.698771,0.201643,-0.015156,1.069222
37.771523,4.234417,-1.986472,-1.664637,0.219592,0.011441,1.062435
37.822044,4.127605,-1.978749,-1.704172,0.177566,-0.040130,1.053944
37.873083,4.073199,-2.046466,-1.557381,0.203503,0.018467,1.092045
37.921093,4.132168,-2.022269,-1.646586,0.206022,-0.011024,1.054573
37.973141,4.200416,-2.002416,-1.665429,0.212127,-0.003043,1.055414
38.021573,4.174729,-1.942395,-1.615345,0.174389,0.011260,1.050349
38.073824,4.080252,-2.056182,-1.681157,0.217133,-0.024901,1.083580
38.127156,4.057207,-1.955465,-1.596926,0.189172,0.002060,1.039303
38.171669,4.155937,-1.893424,-1.619720,0.192142,0.007711,1.050662
38.221477,4.053165,-2.110148,-1.679746,0.204970,-0.025125,1.071478
38.275035,4.136148,-2.001794,-1.681612,0.196520,-0.015758,1.062587
38.321560,4.236248,-2.004454,-1.779518,0.168267,-0.043735,1.043349
38.371650,4.011454,-1.797035,-1.619596,0.161789,-0.037874,0.981580
38.426258,4.129802,-2.113439,-1.811913,0.204651,-0.041249,1.080418
38.473435,4.376688,-2.215681,-1.450928,0.210660,0.053483,1.080132
38.524461,3.945020,-1.641511,-1.669049,0.181843,-0.013809,1.012148
38.575918,4.273355,-2.446463,-1.695739,0.278093,-0.004466,1.181000
38.635888,4.126658,-1.959009,-1.654455,0.191953,-0.017018,1.063990
38.671532,3.715733,-1.602361,-1.790876,0.179108,-0.096712,1.020529
38.725179,4.224030,-2.393674,-1.514472,0.226405,0.022443,1.142798
38.771612,4.198437,-2.048857,-1.653488,0.185221,-0.014966,1.054465
38.822935,3.964175,-1.728254,-1.600932,0.189926,-0.019856,1.034493
38.875228,4.259667,-2.367177,-1.533299,0.227503,0.029996,1.154375
38.921820,4.175240,-2.003866,-1.691424,0.234263,0.017721,1.099412
38.971555,4.021647,-1.947938,-1.584879,0.194318,-0.009553,1.050843
39.021790,4.035469,-2.207126,-1.644161,0.200365,-0.021493,1.105062
39.071752,3.989680,-1.872162,-1.765380,0.174405,-0.073976,1.048200
39.122228,4.257538,-2.236045,-1.621623,0.229343,0.009301,1.121649
39.171526,4.140536,-2.028362,-1.640339,0.226382,0.010387,1.112177
39.221758,4.091099,-1.964152,-1.703288,0.204864,-0.041149,1.078717
39.271912,4.355598,-2.256427,-1.612480,0.214523,0.003665,1.116624
39.321695,3.963263,-1.816261,-1.745954,0.163152,-0.054355,1.043811
39.371802,3.959508,-2.075113,-1.466702,0.204669,0.023559,1.092942
39.422269,4.209294,-2.250057,-1.641189,0.226167,-0.010888,1.117132
39.471292,3.882845,-1.800155,-1.759562,0.161783,-0.057792,1.007561
39.522259,4.124798,-2.119213,-1.629553,0.215769,-0.015295,1.088471
39.572397,4.467533,-2.020011,-1.729276,0.206097,0.008885,1.058812
39.622716,4.070032,-1.948442,-1.625322,0.207183,-0.004096,1.090268
39.671854,4.064323,-2.110493,-1.650004,0.201733,-0.031417,1.080316
39.721548,4.213613,-1.983859,-1.748811,0.194063,-0.050156,1.069017
39.776488,4.096194,-2.024431,-1.698876,0.190606,-0.021602,1.056583
39.821867,4.017905,-2.108641,-1.600574,0.202796,-0.017552,1.102502
39.876204,4.117710,-1.992965,-1.700623,0.211761,-0.017765,1.073381
39.951629,4.078992,-1.982062,-1.573161,0.181996,-0.002621,1.044277
39.997056,4.180457,-1.857975,-1.737434,0.162977,-0.028932,1.027609
40.046728,4.136759,-2.144740,-1.533759,0.198682,0.022906,1.085632
40.096872,4.102759,-2.001064,-1.682536,0.196595,-0.024181,1.072623
40.146389,4.152366,-1.903468,-1.625262,0.194639,0.003909,1.049881
40.197310,4.277396,-2.146000,-1.512303,0.224762,0.053880,1.101526
40.247302,4.197447,-1.960188,-1.639353,0.197150,0.015477,1.054902
40.296534,4.125659,-1.986104,-1.650310,0.201538,-0.007441,1.070283
40.347672,4.142113,-2.128690,-1.624742,0.211355,0.000070,1.097166
40.398103,4.249343,-1.951363,-1.713129,0.189873,0.002431,1.051922
40.447260,4.145488,-1.986277,-1.539889,0.213766,0.043388,1.053280
40.497534,4.213566,-2.005601,-1.665132,0.189945,0.000184,1.073840
40.547269,4.208406,-1.930064,-1.690861,0.189361,-0.000119,1.032943
40.596959,4.135475,-2.023870,-1.593139,0.190754,0.008401,1.055287
40.646752,4.099878,-1.950257,-1.632659,0.186513,-0.000216,1.064107
40.697692,4.132871,-2.088526,-1.672173,0.199131,-0.032896,1.094801
40.751606,4.087226,-1.951538,-1.632793,0.167621,-0.013434,1.035411
40.796656,4.141623,-1.930328,-1.760761,0.194583,-0.045205,1.062309
40.846499,4.043011,-2.073379,-1.572770,0.182590,-0.023840,1.055855
40.900933,4.115103,-1.918284,-1.638095,0.183000,-0.014779,1.023115
40.946682,4.106262,-1.858120,-1.579584,0.159842,0.008912,1.030155
41.000896,4.169008,-2.082821,-1.585371,0.196036,0.003326,1.084253
41.052489,4.046561,-1.921341,-1.650096,0.174628,-0.030370,1.058175
41.096720,4.080989,-2.015303,-1.617940,0.205843,-0.003655,1.076967
41.147696,4.199003,-2.170618,-1.603754,0.233100,0.026638,1.121961
41.201388,4.145010,-1.916949,-1.602869,0.165433,0.010272,1.034034
41.246889,4.078158,-2.051229,-1.611802,0.210856,-0.024899,1.105498
41.298381,4.254327,-1.952256,-1.658124,0.183737,0.010266,1.047008
41.351067,4.142429,-1.974573,-1.675907,0.193606,-0.017156,1.056975
41.398256,4.134477,-1.913805,-1.562821,0.166110,0.009076,1.018301
41.446681,4.092443,-1.999960,-1.641543,0.226668,0.003496,1.070078
41.497032,4.063084,-1.960413,-1.692770,0.186681,-0.045458,1.060825
41.546723,4.147524,-2.134130,-1.592233,0.212802,0.012369,1.116186
41.597054,4.144890,-1.940479,-1.646752,0.194096,0.005621,1.045596
41.646914,4.200072,-2.019417,-1.666421,0.202959,-0.013015,1.061294
41.696712,4.128330,-2.063040,-1.696780,0.214747,-0.033797,1.089844
41.747301,4.095860,-1.868313,-1.696141,0.170374,-0.012307,1.023162
41.796756,4.209996,-1.956027,-1.657944,0.179574,-0.003186,1.032274
41.847041,4.049874,-1.947419,-1.596221,0.186519,-0.003100,1.027227
41.897690,4.139413,-1.964060,-1.745220,0.186609,-0.037522,1.058111
41.947112,4.170604,-2.056259,-1.630418,0.208386,-0.008748,1.078406
41.999994,4.081316,-2.068774,-1.644403,0.189708,-0.019103,1.091553
42.047695,4.066213,-2.003294,-1.649431,0.195618,-0.015590,1.075042
42.096839,4.103467,-2.015990,-1.617380,0.189738,-0.000214,1.059615
42.152512,4.130223,-1.939816,-1.627779,0.184647,-0.004999,1.022707
42.196753,4.091068,-1.969641,-1.689235,0.188452,-0.012198,1.042253
42.246950,4.157475,-2.038480,-1.602284,0.210402,-0.000861,1.080926
42.297116,4.181889,-2.026274,-1.610652,0.188974,0.012367,1.085016
42.346584,3.980297,-2.104148,-1.602120,0.238250,-0.012258,1.107554
42.397397,3.995180,-2.034739,-1.637339,0.193281,-0.013010,1.070877
42.446872,4.029522,-2.065089,-1.643881,0.177868,-0.015032,1.055388
42.502131,3.852294,-2.051790,-1.649913,0.174198,-0.015393,1.072766
42.548276,4.114154,-2.042377,-1.475598,0.211591,0.039910,1.083989
42.597580,4.300310,-2.038129,-1.640738,0.192314,0.013488,1.067065
42.651144,4.151327,-1.943410,-1.623072,0.198579,0.003804,1.067024
42.697134,4.360579,-1.950385,-1.734413,0.195383,-0.002382,1.054955
42.750388,4.222373,-1.983941,-1.559665,0.192560,0.013124,1.049309
42.802035,4.266601,-1.941674,-1.756016,0.208038,-0.030833,1.077894
42.847059,4.153390,-1.917464,-1.622168,0.156763,-0.012596,1.015851
42.897520,4.121381,-1.905630,-1.633379,0.198199,-0.002650,1.038670
42.951241,4.146524,-2.187121,-1.656222,0.207491,-0.003969,1.089952
43.021992,4.049542,-1.722762,-1.583719,0.179156,0.005903,1.035326
43.072148,4.444928,-2.150471,-1.870059,0.205527,-0.057174,1.073382
43.105411,4.211855,-2.442921,-1.477309,0.226057,0.044694,1.133532
43.171921,3.809866,-1.639210,-1.858961,0.148520,-0.093643,1.007151
43.222181,4.492971,-2.456668,-1.502579,0.266839,0.041464,1.180989
43.272165,4.089964,-2.156072,-1.574338,0.225632,0.023904,1.107594
43.322285,3.762069,-1.786504,-1.625483,0.197201,-0.027834,1.044230
43.377128,4.387913,-2.431183,-1.506089,0.243613,0.044952,1.141395
43.423075,4.025033,-1.958127,-1.701074,0.183853,-0.030922,1.058322
43.471885,3.875997,-1.940403,-1.678170,0.195160,-0.032808,1.038337
43.528450,4.241713,-2.163779,-1.545697,0.210446,0.037052,1.101191
43.571570,4.080648,-1.854691,-1.782909,0.204441,-0.058913,1.036910
43.623549,4.236788,-2.195003,-1.643003,0.207868,-0.012145,1.089669
43.677814,4.124313,-1.852905,-1.627637,0.170120,0.010628,1.043578
43.722292,4.262494,-1.853216,-1.709905,0.187286,-0.005234,1.041153
43.772436,4.207202,-2.406294,-1.513048,0.242617,0.006699,1.142460
43.826140,3.864774,-1.646107,-1.672417,0.162471,-0.045360,0.993259
43.871990,4.297681,-1.975776,-1.554490,0.186942,0.026149,1.052271
43.922413,4.245931,-2.364741,-1.598582,0.219986,0.036078,1.124835
43.976669,3.839935,-1.629667,-1.699701,0.173517,-0.032057,0.997543
44.022162,4.229481,-2.089692,-1.508633,0.187204,0.027101,1.057173
44.072991,4.232162,-2.196658,-1.580299,0.225314,0.050899,1.081158
44.124700,3.976189,-1.779323,-1.681876,0.192580,-0.020071,1.054827
44.172239,4.234344,-2.283893,-1.609665,0.236275,0.004124,1.127536
44.224074,4.128659,-2.048946,-1.645654,0.196040,-0.012850,1.076062
44.272646,4.079240,-1.824582,-1.632253,0.177877,0.007046,1.016865
44.322253,4.188909,-2.229322,-1.625897,0.221259,-0.009292,1.124950
44.374179,4.053446,-1.933387,-1.664525,0.189733,-0.006605,1.051927
44.421946,4.105912,-1.974672,-1.592152,0.194192,0.003719,1.081422
44.473453,4.039333,-2.236451,-1.679677,0.216015,-0.027585,1.126153
44.522145,4.153804,-1.897153,-1.646389,0.203768,0.005699,1.050726
44.571989,4.161081,-2.065973,-1.568512,0.219560,0.029451,1.079092
44.627547,4.194304,-2.013099,-1.700545,0.193638,0.000660,1.070980
44.671803,4.052499,-1.888883,-1.554967,0.192983,0.019855,1.034004
44.721762,4.107891,-2.058455,-1.599081,0.182471,-0.012349,1.058468
44.772822,4.128854,-1.975091,-1.657959,0.192103,-0.013385,1.068485
44.822160,4.078746,-1.977238,-1.642792,0.192532,-0.013645,1.058751
44.872649,4.189068,-2.071022,-1.544140,0.197722,0.016959,1.076684
44.924316,4.064921,-2.036893,-1.673354,0.200589,-0.022885,1.097890
44.972010,4.185435,-1.972670,-1.672072,0.191400,0.003213,1.056603
45.023231,4.202639,-2.180492,-1.640293,0.214483,0.005804,1.118085
45.074626,4.157375,-1.851565,-1.660376,0.177655,-0.004757,1.021549
45.130413,4.123274,-2.072252,-1.729604,0.210723,-0.041017,1.084100
45.172023,4.193253,-2.015048,-1.586455,0.205608,0.022878,1.066664
45.222526,4.019249,-1.978064,-1.596280,0.194186,-0.009020,1.070820
45.276699,4.175030,-2.018422,-1.667436,0.196370,-0.006650,1.066837
45.323221,4.205801,-1.943470,-1.568495,0.183826,0.035867,1.043483
45.372093,4.170672,-1.956039,-1.670674,0.193111,-0.012043,1.048394
45.426583,4.096315,-2.024327,-1.673727,0.195405,-0.010154,1.053527
45.472584,4.175665,-1.924138,-1.690493,0.199944,-0.001375,1.039648
45.522155,4.120380,-2.073052,-1.570631,0.192137,0.008829,1.084502
45.576022,4.133784,-2.049492,-1.650809,0.197405,0.001679,1.076146
45.622569,4.170306,-1.980553,-1.593168,0.191824,0.016875,1.067400
45.672961,4.094790,-2.025344,-1.579183,0.211498,0.013138,1.057417
45.725665,4.187565,-2.027161,-1.634578,0.203906,0.010480,1.075603
45.772874,4.075641,-2.137809,-1.622950,0.203652,-0.012795,1.107492
45.822346,4.036735,-2.003101,-1.548480,0.197607,0.017882,1.060184
45.873013,4.108809,-1.989772,-1.722324,0.195223,-0.035960,1.034944
45.922201,4.140937,-2.187124,-1.701017,0.213814,-0.040853,1.131544
45.972443,3.988520,-1.930847,-1.620353,0.217372,-0.015057,1.062665
46.023006,4.186766,-2.021733,-1.682308,0.220801,0.000302,1.072508
46.072345,4.241344,-2.301701,-1.583957,0.226109,0.017150,1.123258
46.135465,3.976276,-1.792509,-1.514795,0.180805,0.007504,1.023431
46.172132,4.019647,-2.049352,-1.677481,0.229363,-0.020312,1.102423
46.222600,4.153005,-2.435153,-1.572123,0.226336,0.005939,1.151033
46.272217,4.009670,-1.765489,-1.713830,0.181553,-0.052244,1.030796
46.351140,4.422096,-2.263769,-1.639798,0.234043,0.017052,1.117423
46.397389,4.194884,-2.042623,-1.706894,0.196187,-0.025084,1.067313
46.451540,3.989042,-1.840752,-1.604431,0.180174,-0.004579,1.058366
46.497766,4.207357,-2.310074,-1.622804,0.258570,0.000840,1.142563
46.547259,4.139123,-1.991069,-1.699659,0.209416,-0.017270,1.062310
46.601722,4.112910,-1.950337,-1.538086,0.178450,0.029894,1.051902
46.647042,4.228280,-2.181419,-1.613756,0.214924,0.003231,1.106379
46.697231,4.194385,-1.906200,-1.650114,0.177625,-0.000482,1.035874
46.748950,3.975534,-2.245436,-1.659386,0.255625,-0.036957,1.153853
46.799037,4.110802,-1.966092,-1.628619,0.216408,0.007840,1.071546
46.847278,4.075919,-1.970723,-1.762801,0.194948,-0.033706,1.057972
46.897354,4.194273,-2.223140,-1.567735,0.234317,0.025744,1.121553
46.947229,3.938390,-1.942473,-1.661546,0.196216,-0.027439,1.079265
46.997581,4.197669,-2.149498,-1.590265,0.220172,0.009913,1.114536
47.047148,4.080707,-2.150059,-1.542700,0.199605,-0.005189,1.087252
47.097462,4.067180,-1.811203,-1.700741,0.186353,-0.021040,1.032455
47.147794,4.282610,-2.145558,-1.545128,0.199844,0.037360,1.095525
47.197304,4.039665,-1.995511,-1.755648,0.196080,-0.054172,1.048661
47.247252,4.042923,-1.887832,-1.587959,0.184062,-0.003558,1.039528
47.297251,4.246046,-2.106825,-1.642482,0.197753,0.014877,1.072399
47.349021,4.057874,-1.959718,-1.637134,0.198087,-0.022284,1.054171
47.397193,4.127846,-1.903217,-1.706042,0.174598,-0.017753,1.020480
47.448739,4.171907,-2.095929,-1.589415,0.233329,0.027946,1.096237
47.498483,4.221733,-2.016121,-1.701007,0.194709,-0.005121,1.076364
47.547704,4.054177,-1.995500,-1.555326,0.201192,0.023102,1.061648
47.599954,4.114242,-1.969550,-1.659271,0.195891,-0.017126,1.051525
47.650078,4.134937,-2.058927,-1.685275,0.200914,-0.012042,1.062483
47.697672,3.987066,-2.069757,-1.561968,0.208652,-0.025119,1.090634
47.751827,4.077837,-1.939306,-1.731137,0.203816,-0.036568,1.059104
47.797218,4.249899,-2.042329,-1.532479,0.186018,0.019965,1.063714
47.853094,4.135143,-1.970613,-1.703136,0.204500,-0.018523,1.057457
47.901343,4.094617,-1.977819,-1.602232,0.204977,-0.020853,1.071794
47.948594,4.245327,-2.178158,-1.644546,0.203063,0.012109,1.125954
47.998186,4.066736,-1.987122,-1.682861,0.215678,-0.031457,1.078411
48.052615,4.048478,-2.026026,-1.651902,0.192761,-0.013679,1.079431
48.099514,4.073549,-2.031649,-1.566503,0.189128,0.008188,1.052992
48.147974,4.118161,-1.947911,-1.690810,0.198861,-0.025348,1.074256
48.201184,4.181638,-2.052263,-1.622274,0.202972,0.013347,1.090602
48.247450,4.097799,-1.967160,-1.643075,0.190363,-0.032024,1.041780
48.297670,4.168231,-1.990824,-1.651106,0.204908,0.013725,1.068388
48.350802,4.118007,-2.064738,-1.604943,0.202922,0.005728,1.069248
48.397550,4.060373,-1.976067,-1.626584,0.193999,-0.006878,1.052052
48.472618,4.110124,-1.966590,-1.653454,0.187437,-0.044715,1.040754
48.522274,4.221325,-1.915579,-1.696072,0.185800,0.006924,1.039364
48.573556,4.175276,-1.953473,-1.703849,0.214267,-0.010242,1.078452
48.627655,4.237855,-2.037200,-1.627961,0.194409,-0.000528,1.063395
48.673328,4.170215,-1.983955,-1.619491,0.196206,0.015782,1.043812
48.722309,4.036359,-1.977629,-1.643425,0.206951,-0.012286,1.077460
48.776386,4.249281,-2.013864,-1.604889,0.176659,0.009094,1.037254
48.822376,4.069923,-1.935454,-1.603583,0.213228,0.001577,1.064041
48.872316,4.174405,-1.949347,-1.651420,0.179923,0.001706,1.034859
48.926696,4.116937,-2.146984,-1.646908,0.206981,-0.018693,1.095917
48.972436,4.046556,-1.904144,-1.733746,0.183804,-0.034322,1.038671
49.023003,4.180118,-2.040772,-1.633706,0.205283,0.003239,1.093080
49.076842,4.209345,-1.957130,-1.651711,0.191393,0.005827,1.027702
49.122869,4.136363,-1.933998,-1.631794,0.189926,-0.006029,1.063376
49.173716,4.172055,-2.005688,-1.566440,0.186309,0.013445,1.037496
49.226032,4.097503,-2.115882,-1.602663,0.217508,-0.000715,1.103958
49.272761,4.128509,-1.820337,-1.706092,0.172865,-0.038724,1.018050
49.322432,4.153081,-2.058779,-1.594097,0.187255,0.007320,1.062242
49.373670,4.109892,-1.968057,-1.746454,0.178208,-0.050502,1.052612
49.422731,4.144461,-1.974431,-1.671037,0.195498,-0.003766,1.066747
49.477181,4.167909,-2.098672,-1.670757,0.207300,-0.019999,1.079564
49.522656,4.097325,-1.971056,-1.720304,0.203705,-0.028200,1.080707
49.572762,4.039463,-1.994429,-1.597842,0.190746,-0.018643,1.030867
49.622892,4.105876,-2.082304,-1.556816,0.192864,0.008943,1.077778
49.673595,4.111498,-2.006780,-1.724000,0.219090,-0.014486,1.088617
49.722205,4.205260,-2.072412,-1.636273,0.173344,-0.020994,1.072135
49.772622,4.143531,-2.019292,-1.677409,0.192399,-0.029812,1.084925
49.822536,4.004004,-2.024811,-1.678459,0.228580,-0.041544,1.087601
49.873054,4.148101,-2.107373,-1.555839,0.212039,0.030973,1.094348
49.922584,4.233626,-1.936371,-1.613912,0.184646,0.019683,1.040286
49.972463,4.071754,-1.945731,-1.540815,0.171952,0.007781,1.036231
50.023290,4.108848,-2.012464,-1.602714,0.179556,0.012190,1.059828
50.072515,4.185918,-1.894121,-1.664447,0.173560,-0.008810,1.025214
50.123188,4.105273,-2.108108,-1.577581,0.198629,0.014577,1.097530
50.172638,4.076177,-1.964416,-1.575011,0.188464,0.004356,1.046125
50.222414,4.083840,-2.053650,-1.714168,0.232679,-0.034785,1.094525
50.272488,4.209863,-2.067607,-1.618564,0.192804,0.004879,1.067940
50.326885,4.071228,-1.957485,-1.663563,0.183876,-0.016595,1.048579
50.377208,4.156544,-1.970544,-1.669329,0.169465,-0.023862,1.042255
50.422432,4.105365,-2.094735,-1.660704,0.197346,-0.037523,1.084112
50.472975,4.142138,-1.806685,-1.661550,0.167364,-0.006637,0.997868
50.528490,4.168737,-2.155690,-1.663078,0.222884,-0.004577,1.114098
50.573501,4.187572,-1.996345,-1.614609,0.184787,0.020783,1.058788
50.622552,3.943726,-1.893584,-1.605942,0.189308,-0.012106,1.038847
50.676689,4.134110,-2.107080,-1.659467,0.214835,-0.012846,1.072431
50.722719,4.064499,-2.077340,-1.634590,0.206756,-0.013833,1.109738
50.772485,4.147133,-1.900266,-1.665689,0.178595,-0.016376,1.036158
50.830988,4.209791,-2.127460,-1.700010,0.204138,-0.031155,1.096934
50.874068,4.084299,-1.944498,-1.664414,0.198206,-0.007203,1.056985
50.922428,4.176453,-2.021625,-1.647690,0.186480,-0.009127,1.064176
50.976678,4.096339,-1.985087,-1.683971,0.184154,-0.023776,1.053225
51.048928,4.140777,-1.970850,-1.730662,0.207071,-0.027822,1.050688
51.098343,4.157784,-1.990743,-1.620457,0.159767,-0.000628,1.044814
51.147714,4.096094,-2.024277,-1.729557,0.197885,-0.046579,1.085683
51.197223,4.212585,-2.003982,-1.680968,0.202628,-0.022472,1.085748
51.251935,4.253557,-1.911521,-1.673470,0.179487,-0.018211,1.033664
51.298541,4.213389,-1.967080,-1.711859,0.191188,-0.024751,1.051442
51.347726,4.051682,-1.929114,-1.530295,0.177739,0.008403,1.035277
51.403052,4.148206,-2.067419,-1.657325,0.218711,-0.020422,1.099423
51.449039,4.136666,-2.110532,-1.517457,0.206591,0.035200,1.079481
51.498244,4.062257,-1.925283,-1.681141,0.188874,-0.014990,1.048619
51.551601,4.130822,-1.998204,-1.598280,0.204686,-0.005124,1.066830
51.598635,4.081141,-1.947389,-1.706551,0.179598,-0.036121,1.022620
51.647614,4.168115,-1.967030,-1.694121,0.205419,-0.007899,1.060543
51.702721,4.172766,-1.966839,-1.618763,0.168258,-0.004354,1.035468
51.747885,4.125899,-1.976052,-1.703318,0.193515,-0.007536,1.057094
51.797537,4.071467,-2.047134,-1.640039,0.203447,-0.008418,1.064578
51.852906,4.110123,-1.970791,-1.693294,0.177569,-0.029555,1.040803
51.897724,4.140440,-1.931476,-1.611211,0.190259,0.016570,1.045874
51.947299,4.268148,-2.017026,-1.686844,0.188061,-0.013434,1.055671
52.000070,4.048337,-2.066380,-1.559380,0.214287,0.003777,1.103549
52.047717,4.217862,-1.896451,-1.739347,0.167946,-0.036082,1.039553
52.098768,4.192247,-2.101840,-1.626668,0.211531,-0.000561,1.086957
52.148233,4.098031,-1.922165,-1.623160,0.189538,0.014751,1.041300
52.197901,4.053114,-1.951724,-1.641513,0.187783,-0.022161,1.036875
52.248109,4.238829,-1.970089,-1.620303,0.186196,0.006071,1.015058
52.297714,4.113037,-1.999840,-1.671457,0.205380,-0.008946,1.069864
52.348126,4.039894,-2.053335,-1.664524,0.223577,-0.029762,1.089502
52.397751,4.159304,-2.044633,-1.643697,0.201418,-0.011891,1.064370
52.447401,4.030114,-1.949300,-1.602126,0.189659,0.000228,1.057487
52.498177,4.149287,-1.926558,-1.603659,0.190592,0.005381,1.041201
52.547343,4.114785,-2.074374,-1.626964,0.217437,0.004456,1.092093
52.598200,4.194615,-1.968667,-1.691517,0.201527,-0.009168,1.043929
52.648949,4.176025,-2.001462,-1.667700,0.186630,-0.001723,1.063821
52.698105,4.064198,-1.993041,-1.624739,0.194256,-0.010447,1.054992
52.747905,4.110408,-1.955588,-1.626034,0.181130,-0.013399,1.036523
52.797837,4.145558,-1.968552,-1.559277,0.198386,0.021725,1.044501
52.847752,4.090222,-1.936081,-1.574515,0.173430,0.015017,1.043553
52.898057,4.276669,-1.997515,-1.657269,0.206932,0.011484,1.068555
52.948168,4.077069,-1.990030,-1.594045,0.172537,-0.017097,1.049852
53.002432,3.996170,-1.946138,-1.587247,0.193255,-0.001084,1.042809
53.047689,4.152236,-1.921242,-1.656882,0.171088,-0.029835,1.016091
53.097698,4.046422,-1.974126,-1.628354,0.191633,-0.020014,1.051594
53.157604,4.017046,-1.961067,-1.671463,0.182781,-0.042650,1.046339
53.197970,4.221611,-1.970370,-1.634971,0.203303,0.016329,1.050144
53.247670,4.181019,-1.951432,-1.647182,0.174423,-0.004202,1.045800
53.302502,4.163118,-2.023592,-1.666353,0.198091,-0.001453,1.079907
53.348290,4.119048,-2.046270,-1.663581,0.192997,-0.013657,1.066469
53.397781,4.143622,-1.970067,-1.728404,0.184094,-0.049100,1.054549
53.453859,4.130664,-2.024154,-1.655794,0.198019,-0.017644,1.078706
53.524224,4.142741,-1.988328,-1.637250,0.200589,0.001594,1.070040
53.573498,4.079211,-2.027318,-1.612366,0.197939,-0.018056,1.086186
53.604650,4.178452,-2.111779,-1.631919,0.214802,-0.001066,1.087570
53.678302,4.098405,-1.946945,-1.665346,0.190491,-0.015541,1.039553
53.723612,4.132045,-2.038081,-1.602055,0.219745,0.007668,1.086466
53.772827,4.170135,-1.962855,-1.647852,0.184093,-0.010230,1.047368
53.823862,4.152108,-1.935580,-1.649232,0.188833,-0.000089,1.039034
53.876983,4.174819,-2.033927,-1.645773,0.190920,-0.015463,1.053228
53.923226,4.147802,-2.004533,-1.653763,0.206823,0.007782,1.076223
53.973254,4.001836,-2.014710,-1.664066,0.198365,-0.046108,1.076187
54.027649,4.271868,-2.067001,-1.660696,0.206741,-0.020516,1.092338
54.073865,4.138468,-1.835387,-1.589987,0.174994,0.006648,1.008130
54.123096,4.111335,-1.983295,-1.671909,0.197673,-0.001600,1.049775
54.176899,4.040660,-2.052684,-1.580127,0.213132,0.014284,1.095033
54.223998,3.926576,-2.211684,-1.637040,0.202685,-0.025576,1.105282
54.273295,4.167907,-1.983242,-1.586793,0.213140,0.035818,1.087096
54.326279,4.190238,-2.021280,-1.665664,0.159486,-0.035414,1.071947
54.372912,3.910797,-2.004420,-1.666394,0.183803,-0.052391,1.069420
54.423361,4.258413,-2.046707,-1.763689,0.201111,-0.021199,1.098087
54.477147,4.237227,-1.990769,-1.508514,0.206065,0.021263,1.066648
54.522769,4.019864,-1.890532,-1.765710,0.174248,-0.055621,1.042466
54.573023,4.181031,-2.093097,-1.712185,0.197791,-0.024112,1.057456
54.623783,4.158543,-1.871524,-1.620190,0.160442,0.000059,1.000458
54.678173,3.970648,-1.988455,-1.645540,0.207111,0.006439,1.076127
54.723336,4.207809,-2.144104,-1.503727,0.215157,0.037925,1.087979
54.773485,4.173660,-1.876208,-1.710192,0.173662,-0.016765,1.021059
54.822954,4.155375,-1.863073,-1.560968,0.194786,0.014238,1.037905
54.872992,4.242782,-2.181615,-1.659969,0.228316,0.012516,1.104581
54.923352,4.138367,-1.813553,-1.516405,0.175038,0.046598,1.017304
54.972835,4.282844,-1.928716,-1.701358,0.189475,0.000266,1.045302
55.024068,4.248068,-2.129972,-1.686495,0.170086,-0.004804,1.075991
55.073816,4.044989,-1.693125,-1.663622,0.150970,-0.037998,0.983106
55.122911,4.322207,-2.180491,-1.861067,0.215066,-0.049141,1.125242
55.174332,4.281518,-2.183313,-1.503713,0.205857,0.022871,1.092929
55.223503,3.982945,-1.676176,-1.848064,0.182521,-0.068518,0.993300
55.274329,4.384706,-2.111645,-1.466448,0.208631,0.048756,1.071359
55.324055,4.165617,-2.172296,-1.606044,0.226529,0.020282,1.101438
55.374628,4.045617,-1.741903,-1.631083,0.184837,0.004988,1.031083
55.422857,4.226300,-2.337746,-1.547636,0.237188,0.019259,1.125634
55.478080,4.080777,-1.893620,-1.686810,0.177422,-0.021632,1.033823
55.523292,4.058205,-1.810678,-1.587125,0.173907,0.004342,1.028931
55.572869,4.294983,-2.305704,-1.747627,0.236528,-0.005772,1.117714
55.627378,4.424520,-1.905192,-1.563936,0.228736,0.055372,1.111485
55.674111,4.126310,-2.155042,-1.680167,0.239764,0.011712,1.134768
55.722996,4.152613,-2.018361,-1.425892,0.193566,0.042359,1.046070
55.777363,4.110453,-1.929458,-1.824956,0.185962,-0.028096,1.041144
55.824267,3.948046,-2.147373,-1.501440,0.182615,0.001047,1.091902
55.872678,4.117802,-1.910142,-1.712702,0.172643,-0.006624,1.047094
55.932324,4.150043,-2.066931,-1.573128,0.197464,0.003946,1.061101
55.973534,4.182267,-1.999949,-1.469017,0.180671,0.029136,1.037380
56.023497,4.204265,-1.828166,-1.874095,0.220169,-0.042545,1.075700
56.076935,4.433122,-2.116450,-1.466070,0.218015,0.060397,1.073888
56.123197,4.155670,-2.075406,-1.789839,0.208197,-0.046426,1.077720
56.198169,4.226367,-1.966409,-1.599537,0.203674,0.007538,1.071293
56.226280,4.165492,-2.397910,-1.708925,0.237338,-0.012861,1.141739
56.298656,4.081104,-1.720109,-1.639704,0.188171,0.011482,1.022315
56.348141,4.353858,-2.226938,-1.722468,0.213463,0.001394,1.106099
56.398314,4.228357,-1.774137,-1.550586,0.158727,0.007777,0.986377
56.448031,4.141981,-1.990878,-1.857566,0.185631,-0.043926,1.081702
56.503303,4.212636,-2.181439,-1.386380,0.211696,0.070669,1.092690
56.548296,4.253576,-1.801147,-1.743630,0.192168,0.015848,1.043088
56.601644,3.991796,-2.265830,-1.398488,0.243259,0.053596,1.144934
56.651969,4.233757,-2.104532,-1.656817,0.227508,-0.000196,1.100418
56.698325,3.978494,-1.918305,-1.614281,0.190775,-0.001507,1.064837
56.747782,3.964797,-2.214635,-1.432360,0.189101,0.029803,1.100398
56.802465,4.122572,-1.970668,-1.860238,0.198608,-0.053655,1.048973
56.852773,4.073152,-1.996652,-1.525046,0.219613,0.000676,1.073941
56.899152,4.269259,-2.119489,-1.777437,0.187037,-0.019171,1.073271
56.953213,4.202482,-1.919648,-1.612993,0.200655,0.018766,1.073306
57.002097,4.237348,-2.007756,-1.634146,0.199296,0.010447,1.062094
57.048692,4.136504,-2.035284,-1.553775,0.214566,0.012052,1.085968
57.103180,4.046468,-1.981897,-1.685717,0.204959,-0.028712,1.072862
57.148431,4.138331,-2.211370,-1.726396,0.189264,-0.049186,1.113717
57.202088,3.989055,-1.922893,-1.574346,0.187685,-0.023110,1.046939
57.248288,4.258406,-1.899004,-1.847094,0.172212,-0.040829,1.042574
57.298055,4.253691,-2.144620,-1.498757,0.226234,0.045906,1.106947
57.348644,4.178720,-1.941483,-1.670520,0.180663,-0.004654,1.063497
57.398002,4.102195,-2.007400,-1.461185,0.199553,0.031431,1.061273
57.448395,4.176222,-2.161665,-1.740517,0.197520,-0.024882,1.102887
57.498257,4.168840,-1.974587,-1.623476,0.202318,0.012902,1.089026
57.548601,4.047823,-2.098761,-1.621796,0.194187,-0.002267,1.091119
57.597936,4.162581,-2.020044,-1.576764,0.202409,0.008588,1.064831
57.650124,4.121270,-1.872260,-1.722343,0.189218,-0.046420,1.036742
57.705374,4.164052,-2.065283,-1.650338,0.204488,0.004184,1.073883
57.748743,4.133484,-1.945143,-1.587635,0.198487,0.008679,1.044402
57.798111,4.166634,-1.993437,-1.636027,0.197777,0.022790,1.055268
57.848193,4.090685,-2.087145,-1.486559,0.200347,0.019392,1.100803
57.898471,4.112350,-1.929047,-1.751623,0.162143,-0.033162,1.039217
57.948465,4.120557,-1.942264,-1.535479,0.160003,0.001350,1.019633
57.998305,4.068448,-1.979909,-1.630007,0.196110,-0.012702,1.060500
58.048336,4.029751,-2.031456,-1.594360,0.175878,-0.030428,1.067081
58.123200,4.153966,-2.048275,-1.734053,0.182526,-0.011804,1.066341
58.173101,4.093478,-1.879349,-1.626286,0.175768,-0.025991,1.019359
58.223482,4.190984,-2.119329,-1.688416,0.193650,-0.027350,1.083187
58.254085,4.136391,-2.001612,-1.669100,0.182499,-0.001835,1.061320
58.323930,4.144893,-1.917356,-1.653781,0.194991,-0.011291,1.051223
58.373522,4.154275,-2.079503,-1.624407,0.203879,0.000824,1.064667
58.402546,4.151547,-1.948438,-1.588210,0.203630,0.013902,1.042034
58.474223,4.048386,-1.999348,-1.710945,0.191068,-0.050039,1.049022
58.523589,4.104091,-2.026284,-1.555468,0.183981,-0.002246,1.072860
58.555569,4.138931,-1.927382,-1.674556,0.170439,-0.022558,1.028589
58.623860,4.145221,-2.041791,-1.615718,0.203230,-0.010594,1.070939
58.673347,4.031866,-2.071867,-1.624237,0.207851,-0.012891,1.098159
58.704488,4.160357,-1.940405,-1.715935,0.190141,-0.012141,1.053515
58.773917,4.168282,-2.045588,-1.647717,0.212993,-0.015877,1.083318
58.823354,4.126082,-1.975970,-1.719350,0.189660,-0.015786,1.050735
58.875507,4.215895,-1.958454,-1.568663,0.177946,0.013086,1.027972
58.924553,4.132546,-2.110359,-1.687160,0.213884,-0.006264,1.097734
58.973522,4.192389,-1.927002,-1.513964,0.197997,0.020306,1.051809
59.023143,4.131843,-2.118752,-1.725479,0.214473,-0.047613,1.109525
59.073784,4.143688,-1.920610,-1.570540,0.175048,0.019253,1.022107
59.133189,4.105695,-2.008696,-1.666419,0.193286,-0.014615,1.072443
59.173210,4.165030,-1.971190,-1.600474,0.175161,0.008922,1.041945
59.224759,4.168327,-1.981561,-1.639492,0.203188,-0.008888,1.049532
59.277369,4.132503,-1.974350,-1.645311,0.190682,-0.006007,1.037123
59.326087,4.133148,-1.977293,-1.552286,0.187424,0.009262,1.054077
59.373129,4.091319,-2.006074,-1.678744,0.175669,-0.015233,1.061963
59.428480,4.122126,-2.058361,-1.572570,0.214714,0.011885,1.095252
59.473419,4.099090,-1.960313,-1.642952,0.190437,-0.013687,1.049152
59.524679,4.037134,-1.890803,-1.560112,0.160581,-0.013654,1.008878
59.577385,4.083113,-2.030230,-1.671551,0.195053,-0.015896,1.083830
59.626717,4.056694,-2.112211,-1.658048,0.225117,-0.033221,1.119290
59.674360,4.166918,-2.035827,-1.637012,0.200481,0.019002,1.067623
59.726948,4.110446,-2.097150,-1.627953,0.227268,-0.000015,1.099316
59.776604,4.190408,-2.002705,-1.679734,0.194129,-0.016282,1.062835
59.826809,4.180578,-2.069117,-1.619864,0.202734,0.013319,1.081803
59.873327,4.190491,-1.957590,-1.580100,0.185960,0.009585,1.052176
59.923196,4.216830,-2.095720,-1.741697,0.214840,-0.025054,1.124745
59.973197,4.117989,-2.015892,-1.512499,0.179131,0.014590,1.058114
60.023655,4.208972,-1.960483,-1.744620,0.188061,-0.020919,1.048346
60.073323,4.021463,-1.993750,-1.523579,0.193640,-0.008583,1.055721
60.123363,4.197034,-1.969279,-1.720309,0.196541,0.000691,1.047303
60.198730,4.190833,-1.954165,-1.547477,0.183768,0.007908,1.040866
60.249392,4.181814,-1.944177,-1.702150,0.169578,0.002467,1.031630
60.302139,4.136116,-1.889494,-1.501909,0.181698,0.024259,1.016070
60.349622,4.174797,-2.087061,-1.768863,0.202337,-0.035867,1.085351
60.398273,4.124919,-1.967907,-1.559792,0.197237,0.006503,1.044159
60.454819,4.213357,-1.992564,-1.763742,0.191629,-0.036725,1.068472
60.498843,4.235689,-2.059278,-1.595308,0.199599,0.023064,1.085568
60.548472,3.984094,-2.038591,-1.600726,0.204003,-0.028075,1.077124
60.602295,4.160803,-1.983258,-1.657372,0.186329,-0.020569,1.045421
60.644799,4.096685,-2.014233,-1.468641,0.206658,0.039336,1.077306
60.698568,4.117285,-1.981571,-1.814302,0.187891,-0.039681,1.060363
60.748816,4.242393,-2.030645,-1.526607,0.214448,0.040700,1.076438
60.798844,4.105728,-1.972555,-1.712593,0.188373,-0.010626,1.055322
60.848564,4.141244,-1.943856,-1.531688,0.173880,0.007761,1.044968
60.898439,4.072196,-1.976765,-1.629152,0.186056,0.007655,1.039803
60.948878,4.115883,-2.070633,-1.533529,0.207863,0.021296,1.104288
60.998445,4.074683,-2.012343,-1.720077,0.181429,-0.045971,1.042607
61.048867,4.074897,-2.059632,-1.684432,0.206673,-0.027046,1.084655
61.103707,4.173105,-1.894637,-1.651222,0.174182,-0.009430,1.016042
61.148241,4.105671,-2.026495,-1.657743,0.189946,0.006209,1.053565
61.198352,4.056229,-1.927243,-1.485937,0.187543,0.042452,1.040367
61.248646,4.221339,-2.031626,-1.687810,0.193372,0.002242,1.083436
61.297942,4.127245,-1.946568,-1.537206,0.190453,0.006299,1.047579
61.351074,4.098823,-1.985791,-1.755442,0.169663,-0.043865,1.057505
61.398567,4.167084,-1.905112,-1.515796,0.182234,0.026620,1.008000
61.450320,4.025465,-2.083759,-1.647807,0.212607,-0.013500,1.098242
61.499035,4.259033,-1.999740,-1.623152,0.187455,-0.004758,1.054861
61.548891,4.140181,-1.987396,-1.679160,0.203070,-0.009294,1.055530
61.598549,4.084748,-1.943543,-1.730575,0.190763,-0.039567,1.040834
61.649487,4.067402,-2.200712,-1.600350,0.240947,-0.014893,1.143443
61.698364,4.040576,-2.000229,-1.730042,0.178576,-0.035529,1.046751
61.754101,4.159193,-2.009598,-1.573800,0.194925,0.001867,1.071482
61.798413,4.095040,-2.053917,-1.719161,0.191111,-0.017503,1.091590
61.848547,4.152810,-2.056365,-1.546908,0.217411,0.012033,1.107754
61.902668,4.153537,-2.016249,-1.744498,0.198527,-0.042040,1.071938
61.949147,4.083566,-2.015330,-1.660906,0.195901,-0.033312,1.058912
62.000150,4.171881,-2.029614,-1.621827,0.206490,0.014173,1.069215
62.055295,4.090247,-2.062701,-1.696712,0.182979,-0.043446,1.085474
62.098302,4.133722,-1.994804,-1.610058,0.187120,-0.010015,1.078866
62.148764,4.212196,-2.034796,-1.662794,0.200035,0.029336,1.076140
62.202649,4.024817,-2.072283,-1.606255,0.201072,-0.030456,1.089167
62.248317,4.127465,-2.059368,-1.724670,0.191421,-0.037481,1.091045
62.299501,4.114734,-1.956777,-1.497712,0.175673,0.014440,1.041317
62.352457,4.145744,-1.997866,-1.749748,0.204344,-0.030961,1.064078
62.398409,4.070842,-1.955132,-1.588244,0.187256,-0.000314,1.042496
62.448806,4.168279,-2.066353,-1.606207,0.209472,0.021440,1.097437
62.523547,4.162434,-1.943098,-1.454467,0.192288,0.074240,1.042899
62.573784,4.162625,-2.003238,-1.719548,0.195430,-0.006702,1.058959
62.630486,4.110067,-2.046718,-1.613404,0.208623,-0.022817,1.092243
62.673435,4.143262,-2.059390,-1.637416,0.215046,0.003209,1.081001
62.723455,4.109159,-1.861510,-1.630707,0.148684,-0.026125,0.995871
62.778435,4.138202,-1.997892,-1.675879,0.193126,-0.035185,1.052738
62.823911,4.149364,-1.953230,-1.685328,0.180041,-0.032139,1.037340
62.873289,4.117061,-1.989252,-1.594663,0.188826,0.005325,1.064308
62.929274,4.081452,-1.993678,-1.695250,0.173197,-0.034745,1.052090
62.973413,4.132555,-1.906760,-1.597150,0.149181,-0.004167,1.014912
63.023732,4.107515,-2.015140,-1.754109,0.190714,-0.050648,1.083719
63.080150,4.215086,-1.990694,-1.592988,0.186044,0.018223,1.053464
63.123675,4.225836,-1.907545,-1.656316,0.178466,0.007355,1.019014
63.173944,4.161983,-1.897139,-1.548386,0.195678,0.032733,1.040059
63.229305,4.207601,-1.986492,-1.708823,0.185796,-0.016027,1.054764
63.274508,4.072987,-1.939317,-1.618991,0.177129,-0.021447,1.034809
63.323704,4.163844,-1.962699,-1.669679,0.181376,-0.008047,1.063478
63.374036,4.189298,-1.899748,-1.699113,0.155527,-0.009487,1.003418
63.424139,4.104503,-2.072166,-1.658609,0.212601,-0.021340,1.088082
63.473958,4.081161,-2.051107,-1.691484,0.209171,-0.050498,1.092769
63.529525,4.080540,-2.035211,-1.595408,0.200151,-0.009782,1.082750
63.573537,4.140490,-1.959907,-1.696876,0.206884,-0.015007,1.046128
63.624393,4.082783,-1.972734,-1.616910,0.181310,-0.032972,1.051631
63.673546,4.173904,-2.019324,-1.706799,0.189116,-0.014632,1.074152
63.724700,4.093613,-1.865647,-1.627287,0.167758,-0.030607,1.006289
63.773512,4.095082,-2.054873,-1.624604,0.214295,0.002575,1.095887
63.826327,4.110714,-1.928547,-1.614335,0.184872,-0.012462,1.030276
63.873512,4.094651,-1.994421,-1.656680,0.195995,-0.010593,1.061191
63.928396,4.145194,-2.092965,-1.664336,0.237423,-0.008028,1.112324
63.974435,4.009807,-2.044818,-1.626258,0.215515,-0.033327,1.107698
64.024777,4.098268,-2.014386,-1.663587,0.184883,-0.020082,1.045451
64.076257,4.256249,-2.045561,-1.602259,0.182914,0.036610,1.093056
64.123937,4.122798,-2.075154,-1.642645,0.228026,-0.017330,1.093513
64.175852,4.191509,-1.978554,-1.678618,0.193946,-0.014625,1.059877
64.224043,4.107125,-1.986572,-1.672515,0.202623,-0.011923,1.064894
64.299622,4.000392,-2.135006,-1.565857,0.233843,0.001832,1.116129
64.348915,4.144265,-2.018865,-1.649066,0.192552,-0.008581,1.077312
64.378852,4.185592,-1.919511,-1.646158,0.173872,-0.001054,1.022396
64.448581,4.152817,-1.967951,-1.663270,0.193367,-0.005881,1.043157
64.498866,4.057103,-1.911686,-1.683432,0.179547,-0.041453,1.010071
64.528444,4.126187,-1.998898,-1.624825,0.179646,0.002527,1.047179
64.598944,4.137194,-1.983129,-1.691707,0.206945,-0.027263,1.043426
64.649437,4.056618,-2.019414,-1.546373,0.172485,0.010967,1.063266
64.678665,4.138943,-2.013647,-1.632097,0.201457,-0.012919,1.082955
64.748416,4.209694,-1.958621,-1.606228,0.183789,0.019036,1.036481
64.798431,4.137671,-1.961070,-1.566962,0.173730,0.022180,1.038942
64.848645,4.230116,-1.972885,-1.646717,0.200214,-0.001923,1.065449
64.898921,4.200801,-1.982684,-1.691273,0.198459,-0.016279,1.068178
64.948500,4.086202,-2.005094,-1.594846,0.200997,0.011301,1.079434
64.999177,4.103387,-2.014245,-1.649225,0.201770,-0.013688,1.082513
65.048662,4.060766,-2.031603,-1.692097,0.192860,-0.028598,1.077964
65.104833,3.960507,-2.141554,-1.569508,0.223815,-0.008146,1.116498
65.148625,4.060300,-1.964236,-1.654310,0.186943,-0.027180,1.044634
65.199432,4.165790,-1.979631,-1.622271,0.178901,0.009111,1.076797
65.252926,4.093543,-2.002567,-1.709321,0.210041,-0.032591,1.070160
65.298916,4.207616,-2.018875,-1.609962,0.189830,0.003188,1.070711
65.348832,4.158090,-2.073541,-1.560442,0.196200,0.019232,1.083902
65.404202,4.148975,-2.009785,-1.674964,0.199541,-0.028008,1.054428
65.448629,4.123191,-1.958608,-1.572667,0.187960,0.013784,1.042884
65.499881,4.149048,-2.071373,-1.691689,0.214262,-0.034233,1.106548
65.553296,4.177270,-1.988872,-1.619227,0.195335,0.004585,1.070260
65.599092,4.076231,-1.997818,-1.647847,0.198066,-0.000460,1.067482
65.650849,4.238468,-2.061971,-1.692695,0.214821,-0.001386,1.092836
65.705584,4.060346,-2.094206,-1.641001,0.217196,-0.017301,1.114232
65.748753,4.231695,-2.047222,-1.750199,0.226878,-0.028442,1.088289
65.801060,4.132863,-1.953369,-1.724983,0.164833,-0.040537,1.035070
65.852383,4.125116,-2.039272,-1.682764,0.216523,-0.022935,1.095480
65.900240,4.130663,-1.965416,-1.705460,0.202182,-0.020444,1.050904
65.948997,4.213129,-1.911656,-1.643122,0.164380,0.012315,1.025554
65.999238,4.212144,-2.051736,-1.629939,0.237042,0.018276,1.079842
66.048960,4.099428,-1.991532,-1.628890,0.187186,-0.023243,1.068223
66.127207,4.169743,-1.979951,-1.641156,0.177593,0.011761,1.052977
66.173675,4.148352,-1.984690,-1.543048,0.193532,0.044887,1.057221
66.223650,4.151517,-2.017862,-1.660179,0.191847,-0.006633,1.054754
66.279156,4.155846,-1.963793,-1.665644,0.195327,-0.016569,1.043641
66.325230,4.156126,-1.934677,-1.672141,0.175664,-0.008440,1.032692
66.378420,4.134147,-1.972842,-1.680796,0.176767,-0.025229,1.055526
66.428126,4.164026,-1.968862,-1.589540,0.181283,0.004293,1.053676
66.473881,4.160673,-2.021995,-1.697926,0.193329,-0.033643,1.075865
66.524090,4.208207,-1.993365,-1.659283,0.209694,0.000017,1.052922
66.577920,4.100470,-2.029574,-1.634900,0.207414,-0.001514,1.081721
66.623425,4.215437,-1.978333,-1.642852,0.218773,0.017710,1.056219
66.673895,4.078254,-2.012790,-1.637249,0.191167,-0.027406,1.068883
66.728839,4.141454,-2.036116,-1.676231,0.194861,-0.015484,1.073990
66.774213,3.979348,-2.138977,-1.590300,0.230692,-0.015655,1.118183
66.828531,4.136329,-2.000104,-1.727166,0.208797,-0.039978,1.071934
66.877865,4.147287,-2.018441,-1.594200,0.196648,0.011306,1.084558
66.923810,4.135224,-2.071794,-1.730102,0.219579,-0.045936,1.106166
66.973884,4.053942,-2.005033,-1.584975,0.183815,0.003925,1.065897
67.023963,4.106368,-2.096440,-1.695753,0.213077,-0.036331,1.101305
67.073984,4.193750,-1.976575,-1.667819,0.168199,-0.006194,1.053117
67.123950,4.119019,-1.984007,-1.662892,0.197947,-0.008974,1.057414
67.174966,4.127996,-2.012668,-1.654365,0.190938,-0.015660,1.072228
67.224392,4.177510,-1.956390,-1.723424,0.207714,-0.030216,1.038922
67.274231,4.093549,-2.037212,-1.646587,0.203108,-0.028274,1.074346
67.324776,4.118576,-2.040498,-1.576674,0.192176,0.002734,1.081578
67.376726,4.064950,-2.042435,-1.622788,0.202628,-0.021274,1.081728
67.424007,4.102700,-1.994901,-1.626785,0.201454,-0.010777,1.061868
67.473977,4.250489,-1.937193,-1.633002,0.180737,0.020920,1.034139
67.524210,4.091756,-2.087061,-1.669447,0.212524,-0.007826,1.114411
67.574650,4.095356,-2.058678,-1.650588,0.207079,-0.026794,1.086651
67.640332,4.106527,-2.054179,-1.571039,0.210886,0.014183,1.089025
67.675130,4.145771,-2.041088,-1.555290,0.193975,0.030056,1.086573
67.723740,4.138181,-2.066581,-1.694691,0.217181,-0.023332,1.088655
67.773908,4.117893,-2.010317,-1.677853,0.211675,-0.034399,1.059194
67.823568,4.189464,-2.037703,-1.656687,0.220321,-0.005424,1.080901
67.880684,4.181401,-1.993767,-1.639035,0.196178,-0.000162,1.065708
67.923753,4.100015,-1.954727,-1.569721,0.181954,0.002015,1.049506
67.973890,4.163514,-1.951038,-1.626981,0.179444,-0.000498,1.034610
68.028835,4.121474,-2.079120,-1.625272,0.214067,-0.005742,1.106955
68.098899,4.247211,-1.900146,-1.607418,0.161037,0.022892,1.021676
68.151165,4.120254,-1.979386,-1.586257,0.169485,0.000892,1.053316
68.184037,4.090636,-1.947550,-1.612466,0.181027,0.001249,1.028352
68.248970,4.185207,-1.986199,-1.622114,0.198528,0.022739,1.055438
68.298710,4.192321,-1.955276,-1.682829,0.184179,-0.016486,1.043155
68.327397,4.161281,-1.940765,-1.657600,0.181461,-0.002087,1.035834
68.400081,4.138374,-1.966365,-1.547867,0.177815,0.038369,1.041860
68.453018,4.111088,-2.076087,-1.551743,0.205273,0.027186,1.084550
68.478647,4.155456,-2.001524,-1.567121,0.200603,0.030123,1.048139
68.548990,4.173808,-1.992081,-1.665646,0.188036,-0.011716,1.054573
68.598915,4.152266,-1.936989,-1.644815,0.188044,-0.004253,1.037326
68.648957,4.058201,-2.019863,-1.611841,0.174849,-0.017295,1.071416
68.698973,4.162658,-1.938873,-1.559886,0.184670,0.042348,1.032790
68.754518,4.172037,-2.088949,-1.671778,0.224314,-0.007760,1.109625
68.798881,4.177238,-1.969109,-1.726848,0.201118,-0.021431,1.050779
68.848685,4.022178,-2.035945,-1.657724,0.196719,-0.044871,1.082783
68.905198,4.073110,-2.010164,-1.626985,0.222369,-0.006491,1.068806
68.954116,4.118725,-2.014560,-1.690575,0.195574,-0.018939,1.071874
68.999676,4.189759,-1.942483,-1.589086,0.187004,0.016896,1.040849
69.053263,4.143527,-2.065419,-1.653303,0.210370,-0.009276,1.094651
69.099427,4.195918,-2.041944,-1.644810,0.217809,0.001810,1.090552
69.149382,4.120012,-2.021589,-1.676072,0.187152,-0.016196,1.081761
69.203278,4.097167,-2.085328,-1.583893,0.215885,0.012006,1.088255
69.249304,4.180079,-2.013437,-1.671984,0.200576,-0.014350,1.058669
69.299034,4.131050,-2.018965,-1.649313,0.200671,-0.012109,1.064689
69.354014,3.908864,-2.117608,-1.469503,0.203781,-0.009671,1.091475
69.399630,3.836840,-2.003094,-1.457429,0.178576,-0.015450,1.037722
69.450163,4.378213,-1.954593,-3.182990,0.257402,0.091629,1.312683
69.500451,4.896704,-0.551212,-1.312169,0.110896,0.110043,0.920344
69.550295,6.099597,-3.853680,-1.243356,0.386185,0.132537,1.467238
69.599348,5.531057,-2.463925,-0.580801,0.241006,0.398577,1.181791
69.653162,4.887742,-0.033611,-3.117873,0.028978,-0.227600,0.808223
69.704819,6.178137,-2.793761,0.006466,0.280492,0.426355,1.245359
69.748940,5.310981,-1.531024,-3.138039,0.005515,-0.311866,0.969532
69.799349,3.884292,-0.805673,-2.132540,-0.073717,-0.267636,0.792960
69.850416,4.765946,-3.252903,-0.960518,0.207325,0.157457,1.256503
69.899495,4.588062,-0.919950,-3.255143,0.027975,-0.354637,0.850145
69.950413,5.333802,-2.016132,-0.185988,0.272972,0.325632,1.174180
70.000756,5.354876,-2.781949,-2.762152,0.297502,-0.086971,1.263829
70.048989,3.901327,-0.724569,-0.613362,0.049312,0.147401,0.856237
70.100647,4.094181,-3.215198,-2.581870,0.156397,-0.231575,1.194867
70.149208,3.815753,-1.827879,-0.845650,0.073985,0.083038,1.008427
70.200186,3.755021,-1.531785,-1.838224,0.058689,-0.124188,0.927600
70.249021,4.794230,-3.578319,-1.464227,0.289673,0.090201,1.358876
70.300625,4.477022,-1.827761,0.006571,0.163532,0.295041,0.856035
70.349991,4.440201,-3.540000,-2.218831,0.217425,-0.139693,1.155676
70.399269,4.329268,-3.898877,0.445683,0.138718,0.137905,0.923351
70.449736,4.552733,-4.435024,-1.221401,0.074322,-0.225302,0.806657
70.504956,4.344266,-5.415730,0.532908,0.130535,0.022077,0.862811
70.549077,4.110805,-6.251967,0.444936,0.156238,-0.113668,0.888890
70.600403,5.488497,-6.683591,1.295541,0.166279,0.014340,0.763688
70.652770,4.869103,-7.492643,1.764794,0.170465,-0.056523,0.745131
70.699154,4.198021,-8.520502,2.701425,0.144903,0.071938,0.692924
70.750096,4.599584,-8.431022,2.653670,0.134062,-0.092716,0.647991
70.804579,4.597049,-9.124084,2.992740,0.195931,-0.128424,0.733502
70.875992,4.696147,-8.601559,2.765711,0.130320,-0.125491,0.651220
70.926714,4.463867,-8.983837,4.060010,0.124633,-0.044330,0.571916
70.954712,5.448565,-9.890441,3.882226,0.207258,-0.070043,0.727278
71.024683,4.367764,-9.411757,4.732297,0.069004,-0.040304,0.550399
71.074376,5.152687,-9.474560,4.250131,0.181717,0.008510,0.753534
71.103538,4.631556,-9.542755,3.677912,0.213711,-0.132991,0.801170
71.174457,4.256539,-8.132163,3.102982,0.162651,-0.103657,0.711168
71.226000,4.482608,-7.527636,3.014077,0.135841,-0.010735,0.694089
71.275155,4.947449,-7.670515,3.228250,0.175592,0.079951,0.776451
71.324990,4.391189,-7.294610,2.026541,0.140934,-0.192811,0.775800
71.378973,4.574977,-7.029027,2.913938,0.166106,0.060302,0.788833
71.425630,4.906504,-7.175349,2.292523,0.163375,-0.031884,0.805694
71.474078,4.196134,-6.901708,2.323610,0.172561,-0.040685,0.831769
71.528189,4.579437,-6.965138,2.273680,0.175780,0.017496,0.858938
71.574198,4.674479,-6.887644,2.101172,0.183237,-0.073080,0.855297
71.624586,4.440546,-6.703290,2.377874,0.153500,0.022431,0.830964
71.678248,4.618728,-6.658572,1.909112,0.141384,-0.065124,0.805320
71.724432,4.570325,-6.525115,2.365357,0.177611,0.041985,0.831150
71.774192,4.616680,-6.689584,1.811698,0.163480,-0.040856,0.869279
71.829492,4.422240,-6.419534,2.166385,0.150105,0.000353,0.803581
71.874219,4.674847,-6.631357,1.924319,0.184448,-0.016937,0.899701
71.923949,4.580428,-6.354473,1.920477,0.162780,-0.049186,0.820978
71.980827,4.446535,-6.379436,1.848340,0.142089,-0.050248,0.825598
72.025084,4.589731,-6.323506,1.904567,0.145735,-0.017450,0.817656
72.076156,4.534096,-6.263907,1.934858,0.154021,0.000766,0.837597
72.124471,4.628049,-6.464579,1.710178,0.177074,-0.042902,0.919034
72.176521,4.441370,-6.158823,1.925944,0.153737,-0.014629,0.820685
72.225247,4.590834,-6.251582,1.787247,0.163983,0.012501,0.851471
72.274628,4.559007,-6.230313,1.868641,0.157529,0.005159,0.843697
72.328834,4.421796,-6.135711,1.698911,0.146481,-0.053909,0.827521
72.374365,4.580703,-6.135895,1.762903,0.139450,-0.025272,0.851875
72.424468,4.528520,-6.261358,1.703282,0.169548,-0.034977,0.866790
72.474336,4.622658,-6.075935,1.697952,0.152198,0.000851,0.851118
72.557756,4.603077,-6.160683,1.711107,0.146480,0.009857,0.867020
72.599461,4.489482,-6.024913,1.754341,0.141009,-0.016473,0.847228
72.653615,4.502156,-6.103750,1.652235,0.161656,-0.026850,0.855936
72.704396,4.582873,-6.037459,1.651193,0.165412,-0.007442,0.844661
72.749620,4.646133,-6.020750,1.611750,0.151085,-0.021039,0.869125
72.800412,4.543058,-6.053744,1.616254,0.151529,-0.016223,0.882575
72.855566,4.467016,-6.035061,1.661775,0.179769,-0.005853,0.881148
72.899819,4.522104,-5.960931,1.611592,0.152240,-0.030659,0.845063
72.950092,4.557144,-5.972464,1.616940,0.181655,-0.018508,0.854125
72.999689,4.535394,-5.938190,1.527048,0.153026,-0.029624,0.839612
73.054862,4.651522,-5.867286,1.639351,0.130314,0.017406,0.840283
73.101373,4.608120,-5.970463,1.516957,0.165746,-0.023193,0.866603
73.150223,4.547002,-5.873557,1.446585,0.143537,-0.051840,0.842038
73.199768,4.571484,-5.927027,1.541152,0.172077,-0.017436,0.877569
73.250360,4.528005,-5.977101,1.566494,0.167713,-0.013304,0.875394
73.299276,4.560595,-5.839292,1.545435,0.145164,-0.021974,0.855025
73.352405,4.583707,-5.779039,1.471345,0.119546,-0.032339,0.810511
73.399502,4.643737,-5.850593,1.504789,0.156342,-0.017721,0.844310
73.450125,4.523166,-5.870798,1.518687,0.161459,-0.019545,0.863448
73.499566,4.542675,-5.896657,1.485067,0.152569,-0.043482,0.904693
73.550724,4.576982,-5.823412,1.583104,0.164457,0.025117,0.858022
73.599735,4.556335,-5.874302,1.522973,0.158911,-0.012320,0.894605
73.650851,4.474060,-5.817974,1.546945,0.155763,-0.008616,0.853354
73.700534,4.683635,-5.819810,1.459191,0.152804,-0.001867,0.862859
73.751219,4.543190,-5.751994,1.481083,0.135894,-0.013640,0.837747
73.799047,4.566633,-5.843712,1.414653,0.181300,-0.037109,0.876871
73.850833,4.633880,-5.736680,1.500910,0.141543,0.030044,0.841613
73.900740,4.626595,-5.766718,1.427753,0.165150,-0.018700,0.864362
73.950010,4.603843,-5.786716,1.399548,0.157805,-0.026543,0.865387
74.003640,4.550559,-5.752019,1.445837,0.147130,-0.014116,0.847571
74.049414,4.572898,-5.796926,1.423872,0.172212,-0.004240,0.880775
74.101118,3.878880,-6.106000,1.921140,0.082961,-0.085204,0.779465
74.157733,4.801558,-6.997613,2.319705,0.187307,0.087323,0.872891
74.199986,4.459805,-5.813861,1.673578,0.132742,-0.018458,0.777997
74.249914,4.422637,-5.292317,1.147189,0.174380,0.025920,0.974008
74.304871,4.519441,-4.471350,0.130656,0.223131,0.033118,0.936348
74.352585,4.675340,-3.316450,-0.489689,0.140864,0.017036,0.990981
74.399617,4.495481,-2.243944,-1.568592,0.124035,-0.100647,0.943656
74.454006,4.376334,-2.165545,-1.552819,0.154771,-0.042026,1.084324
74.503960,5.029681,-1.621014,-1.827762,0.172967,-0.012556,1.012913
74.550124,4.964968,-1.947893,-1.567210,0.144734,-0.053612,1.043106
74.603809,5.095948,-1.627309,-2.531949,0.101907,-0.210409,0.955807
74.677288,5.623278,-1.947088,-0.967845,0.215321,0.191081,1.119953
74.725056,4.459301,-1.769286,-2.505119,0.130564,-0.177107,1.028132
74.774619,3.710183,-2.068728,-0.460480,0.099490,0.146673,0.992722
74.824239,4.103424,-2.261766,-2.952739,0.108228,-0.314713,1.051298
74.879507,4.508882,-1.562467,-0.982707,0.097625,0.102297,0.935860
74.924866,5.334082,-2.320985,-1.731730,0.226737,0.064162,1.135071
74.975164,5.324050,-1.624438,-2.453313,0.215634,-0.064120,1.101787
75.031412,5.069257,-2.034318,-0.470404,0.198656,0.273649,1.074896
75.074880,3.433782,-2.798598,-3.314520,0.095969,-0.404994,1.176733
75.125446,2.739947,-1.636366,-0.055196,0.039385,0.165144,0.909518
75.181370,4.165361,-2.865730,-2.777570,0.140355,-0.215104,1.167876
75.227087,4.584805,-1.800206,-0.398798,0.253503,0.307164,1.051548
75.275674,4.751916,-2.082428,-1.204730,0.313261,0.227350,1.182551
75.330009,5.314055,-2.226753,-1.867842,0.292861,0.114702,1.195745
75.374450,4.675072,-1.695987,-0.877311,0.078155,0.092899,0.909103
75.424508,3.899143,-2.306190,-3.629988,0.007320,-0.504849,1.037742
75.478340,3.577322,-1.778360,-0.564064,0.009272,0.019102,0.916277
75.524690,5.322260,-2.098825,-2.655033,0.181301,-0.174709,1.096434
75.574661,4.895590,-1.554440,-0.449763,0.213585,0.343931,0.979020
75.624710,4.716547,-2.200544,-2.272503,0.202332,-0.084970,1.101853
75.674229,4.471292,-1.862572,-1.709932,0.075241,-0.018627,0.949290
75.725587,3.649080,-1.843833,-0.987147,0.063823,0.055802,0.863469
75.774893,4.116895,-2.503455,-2.941793,0.127285,-0.295552,1.138086
75.825401,3.689780,-2.000117,-0.322857,0.221100,0.337092,1.117369
75.875703,5.234430,-2.568941,-2.104336,0.307009,-0.023339,1.292034
75.924572,5.010647,-1.685839,-1.775465,0.150825,-0.053726,1.040187
75.974453,4.181612,-1.774340,-1.307687,0.105723,0.027778,0.971213
76.025347,4.780844,-2.238906,-2.529421,0.129514,-0.222652,1.057535
76.074996,4.429873,-1.674786,-1.114017,0.090101,0.092190,0.954812
76.126990,4.221159,-2.087793,-2.384617,0.143917,-0.141669,1.042039
76.174341,4.659148,-1.959470,-1.097602,0.150365,0.112856,1.048987
76.224555,4.709101,-2.071624,-2.073489,0.172899,-0.060633,1.082448
76.275830,4.444442,-1.898365,-1.235259,0.190658,0.103353,1.068745
76.324443,4.563609,-2.286125,-1.750924,0.229600,0.026117,1.132269
76.374938,4.255557,-2.184875,-1.653784,0.173191,0.031650,1.095958
76.424709,4.073165,-1.876205,-1.299064,0.111259,0.021139,0.987121
76.474623,4.311966,-2.107492,-2.279913,0.107337,-0.157422,1.033891
76.549675,4.473173,-2.205808,-1.694098,0.190602,0.012348,1.130696
76.601943,4.393397,-1.912516,-1.882753,0.130312,-0.060715,1.011388
76.629836,4.452774,-1.908449,-1.021988,0.171561,0.174170,1.039037
76.699630,4.412397,-2.187713,-2.065632,0.149711,-0.082033,1.098807
76.750278,4.336476,-1.939038,-1.137004,0.168030,0.128816,1.069970
76.801270,4.558964,-2.232378,-2.062182,0.188286,-0.065897,1.109901
76.850109,4.584125,-2.022715,-1.254969,0.187713,0.090112,1.071831
76.899518,4.447145,-1.937423,-1.969955,0.132537,-0.052930,1.015485
76.949939,4.305026,-2.048527,-1.440153,0.155525,0.016379,1.044871
77.000268,4.352135,-2.194090,-1.874737,0.180737,-0.056833,1.099932
77.051194,4.399559,-1.937351,-1.720118,0.147974,-0.013380,1.029807
77.100673,4.427930,-1.867931,-1.677230,0.130789,-0.030181,1.005587
77.150171,4.462129,-2.143071,-1.918398,0.190537,-0.060018,1.103184
77.201555,4.503900,-1.913307,-1.423644,0.152185,0.028788,1.040886
77.249739,4.500747,-2.053027,-1.958261,0.173151,-0.046491,1.059519
77.300820,4.407313,-1.991202,-1.306886,0.160571,0.058438,1.059508
77.352145,4.433233,-2.120215,-1.925813,0.147651,-0.047310,1.061298
77.399429,4.321825,-1.862083,-1.555428,0.123119,-0.012063,0.992035
77.449567,4.476692,-2.031914,-1.862723,0.136932,-0.056686,1.033984
77.504373,4.357275,-2.098075,-1.489175,0.166095,0.018801,1.082617
77.550089,4.466269,-1.912925,-1.586145,0.144692,0.019974,1.028051
77.599860,4.504372,-2.082654,-1.673443,0.164515,0.023058,1.072315
77.654555,4.395529,-2.084706,-1.528288,0.175141,0.034850,1.077145
77.700598,4.444530,-2.065482,-1.758530,0.150634,0.002006,1.060543
77.750204,4.381346,-1.903307,-1.447341,0.128148,-0.000175,1.028216
77.803872,4.808004,-1.944627,-2.448366,0.134881,-0.198589,1.032861
77.850042,4.912353,-1.801000,-1.097618,0.166260,0.117984,1.034520
77.899976,4.255840,-2.016003,-2.205689,0.180972,-0.086061,1.025414
77.954479,3.873291,-2.444808,-0.900408,0.208175,0.143921,1.193919
78.001052,3.834014,-2.192568,-2.299301,0.113013,-0.153739,1.052716
78.051622,3.857746,-2.049563,-0.488822,0.129087,0.243220,1.021020
78.103961,4.446878,-2.307463,-2.367363,0.159281,-0.120542,1.119896
78.149677,4.237762,-2.020404,-0.763559,0.233756,0.208276,1.099322
78.199708,4.586368,-2.257442,-2.070929,0.228280,0.014512,1.143534
78.250096,5.360278,-1.440850,-1.125329,0.119357,0.133515,0.947009
78.300803,4.886527,-1.734031,-2.134603,0.086839,-0.112000,0.970357
78.350226,4.159291,-2.032964,-2.309880,0.063589,-0.193439,1.005383
78.400146,3.851034,-1.800028,-0.936649,0.106459,0.040962,0.967513
78.450140,4.573896,-1.986612,-3.141675,0.117196,-0.294993,1.055606
78.500841,4.835455,-1.823384,0.159067,0.214489,0.385517,1.051927
78.576194,4.247687,-1.587635,-2.640607,0.039302,-0.286750,0.945409
78.625167,4.363314,-1.835141,-0.699541,0.113698,0.134510,1.005216
78.683973,4.637835,-2.336031,-3.160865,0.164428,-0.275189,1.112176
78.727793,4.705803,-1.216544,0.354013,0.231700,0.462823,0.966331
78.774676,2.762688,-2.554829,-1.694756,0.279672,0.159147,1.236007
78.831560,5.132177,-3.468273,-0.684734,0.461802,0.353699,1.468293
78.874912,4.442026,-1.055809,-1.768278,0.064464,-0.026857,0.870044
78.924569,3.736680,-1.801485,-1.599479,-0.068680,-0.154367,0.778880
78.979198,4.264261,-2.764452,-2.826228,0.120202,-0.304625,1.179715
79.025194,5.973568,-0.648222,-1.738448,0.213502,0.122114,0.946287
79.075539,6.192519,-1.852662,-0.947892,0.228937,0.228901,1.054868
79.125097,3.899532,-2.726673,-2.885780,0.164952,-0.267435,1.194340
79.174989,4.449296,-0.608097,-1.139065,-0.070565,-0.053264,0.715853
79.225065,4.616262,-2.253760,-2.478494,0.068041,-0.218420,1.004573
79.279713,3.311930,-2.359941,-1.117864,0.162593,0.074920,1.110287
79.324711,4.523926,-1.608502,-2.259790,0.137970,-0.089917,1.012192
79.375157,5.136053,-2.566992,-0.463375,0.354078,0.370557,1.292545
79.424988,4.188322,-1.804565,-1.872452,0.215982,-0.017974,1.083583
79.474988,4.550987,-2.074132,-1.946017,0.143133,-0.061573,1.079049
79.524687,4.518857,-2.406252,-1.032095,0.260745,0.165342,1.162417
79.575012,4.056000,-1.502770,-2.265261,0.078887,-0.155169,0.943084
79.624936,4.262563,-2.379129,-1.570408,0.163679,-0.009648,1.102394
79.677671,4.626446,-2.113349,-1.642796,0.180170,0.006433,1.102217
79.727427,4.528060,-1.357554,-1.527746,0.147115,0.029009,0.978586
79.774912,4.600619,-2.701699,-1.931314,0.234006,-0.035087,1.218832
79.826308,4.364173,-1.798055,-1.225175,0.167481,0.106444,1.043530
79.875845,4.902087,-1.427648,-1.973264,0.104739,-0.065223,0.981361
79.926744,4.829463,-2.439858,-1.848328,0.176882,-0.004577,1.100402
79.976185,3.903796,-1.746800,-1.372917,0.072945,-0.017999,0.951587
80.026870,4.163442,-1.864694,-2.572714,0.137604,-0.200964,1.017842
80.075041,5.104717,-2.520352,-0.867009,0.268929,0.221598,1.166106
80.129403,4.354737,-1.600722,-2.361915,0.142021,-0.105392,1.007372
80.174966,3.957017,-2.237856,-0.745093,0.203277,0.167168,1.093366
80.224522,3.908742,-2.558160,-1.788890,0.186541,0.001114,1.133773
80.279404,4.097381,-1.697314,-1.873749,0.139523,-0.059414,1.019651
80.330343,5.850504,-2.022461,-1.287838,0.140678,0.048663,1.033540
80.374784,4.747213,-1.782600,-3.279035,0.136426,-0.292471,1.075123
80.430712,4.340247,-1.966329,0.032621,0.223618,0.351336,1.085334
80.500756,4.587463,-1.908220,-2.289881,0.137841,-0.127324,1.004170
80.549726,4.540934,-1.611304,-0.034339,0.217784,0.369870,1.045164
80.581824,4.953532,-2.641952,-2.992110,0.120420,-0.264505,1.126140
80.649913,4.267094,-1.233234,0.161289,0.105952,0.276899,0.854320
80.700897,4.622607,-2.357833,-3.320350,0.143748,-0.333495,1.118861
80.729580,4.755402,-2.564042,-2.504436,0.225801,-0.094537,1.177850
80.802915,4.379173,-1.987714,-2.306890,0.171414,-0.105158,1.067295
80.853022,4.653556,-2.369287,-1.558768,0.272453,0.083118,1.179288
80.899955,4.519210,-1.833029,-0.904201,0.151324,0.155689,1.010946
80.949954,4.363037,-2.013351,-3.078167,0.124156,-0.292465,1.047402
81.005487,4.698872,-1.995156,-0.432361,0.145455,0.204367,1.060322
81.050407,4.583098,-2.037049,-3.330302,0.121981,-0.323737,1.036186
81.100628,4.269210,-1.765245,-0.195371,0.161578,0.287667,1.018847
81.155461,4.735040,-2.559776,-2.806794,0.215189,-0.176650,1.175562
81.199969,4.395464,-1.513911,-0.845918,0.128136,0.166270,0.935926
81.253237,4.332127,-2.315277,-1.958632,0.192010,-0.045547,1.128231
81.305197,4.386799,-1.886073,-1.364735,0.142463,0.044444,1.013192
81.356161,4.209373,-1.856574,-1.267444,0.169193,0.072841,1.031472
81.400063,4.443588,-2.365445,-2.195786,0.171394,-0.065230,1.112497
81.456601,4.312587,-1.717592,-1.080740,0.149088,0.090217,1.009325
81.500273,4.582933,-2.295586,-2.568372,0.154973,-0.151212,1.100892
81.550032,4.528721,-1.980711,-0.680624,0.178508,0.211832,1.071157
81.605249,4.459420,-1.827933,-2.494522,0.144644,-0.121192,1.013684
81.641990,4.506641,-2.123295,-1.388219,0.175557,0.070008,1.067389
81.699935,4.516417,-2.127584,-1.939912,0.172103,-0.031954,1.064737
81.750950,4.164399,-1.722403,-1.728566,0.131870,-0.040330,0.994970
81.802569,4.527691,-2.318435,-1.503317,0.170658,0.019760,1.098993
81.850828,4.455049,-1.967435,-2.106471,0.142508,-0.123028,1.027629
81.902190,4.391959,-1.677531,-1.188452,0.153995,0.093677,0.990280
81.953231,4.694227,-2.488789,-2.165905,0.203789,-0.075575,1.164538
82.000051,4.843813,-1.690775,-1.403141,0.157196,0.050396,1.011395
82.050322,4.622056,-2.144582,-1.305786,0.220605,0.106572,1.133949
82.105634,3.994398,-2.309870,-2.445107,0.189535,-0.128483,1.110480
82.150114,4.486436,-1.827773,-0.666782,0.097795,0.173010,0.972253
82.200199,5.185730,-1.978482,-3.224450,0.130026,-0.274468,1.076497
82.250086,4.806802,-1.309138,0.209786,0.112956,0.341624,0.861724
82.300578,4.591580,-2.550493,-3.944170,0.171135,-0.442749,1.174581
82.350401,4.205261,-1.670532,0.176783,0.164898,0.331266,1.002576
82.400509,4.519652,-2.135595,-2.928669,0.123700,-0.255007,1.059108
82.449789,4.837414,-2.268604,-4.558298,0.167692,-0.510225,1.122957
82.501561,4.837414,-2.268604,-4.558298,0.167692,-0.510225,1.122957
82.549974,4.498702,-2.022304,-2.525206,0.200832,-0.139773,1.153289
82.600140,4.287158,-2.060574,0.636304,0.255209,0.486551,1.099078
82.649970,4.576437,-2.387586,-3.858887,0.184888,-0.355152,1.165997
82.699828,4.429171,-1.359403,0.848844,0.106285,0.451271,0.909668
82.756100,4.638269,-2.493161,-3.883643,0.168149,-0.406416,1.139451
82.800221,4.106983,-1.602018,0.166783,0.136826,0.314976,0.987407
82.852842,4.632864,-2.432252,-3.092496,0.201541,-0.246528,1.161206
82.904697,4.508075,-1.872814,-0.108974,0.201796,0.344504,1.057964
82.976198,4.358626,-2.162682,-3.442054,0.156571,-0.314588,1.110768
83.025127,4.560412,-2.034281,0.072370,0.208409,0.347883,1.068286
83.075819,4.358683,-2.437495,-3.104281,0.188521,-0.282536,1.170387
83.126163,4.205919,-1.579751,-0.556120,0.145483,0.190564,0.969349
83.177762,4.666144,-2.416661,-2.019692,0.189561,-0.053268,1.147360
83.225419,4.258756,-1.989461,-1.709379,0.182259,-0.026377,1.068871
83.276492,4.299689,-1.767078,-1.194725,0.143268,0.074617,1.028847
83.325780,4.652078,-2.489789,-2.266034,0.213406,-0.086990,1.169241
83.377758,4.255695,-1.661896,-0.747206,0.120117,0.148305,0.974467
83.432685,4.502769,-2.186166,-2.784211,0.177961,-0.237561,1.098715
83.475383,4.462836,-1.999170,-0.444057,0.194774,0.232075,1.071108
83.525992,4.465848,-2.009851,-2.729154,0.149117,-0.195679,1.054117
83.576385,4.289138,-1.999256,-0.675350,0.172927,0.167860,1.073696
83.639312,4.660112,-2.072641,-2.139777,0.188383,-0.091032,1.081220
83.676925,4.663157,-1.782487,-1.695446,0.162886,0.007224,1.015068
83.726419,3.919383,-2.377361,-1.011393,0.198039,0.104538,1.103382
83.780708,3.984003,-1.945774,-2.721109,0.104421,-0.250280,1.004469
83.827031,4.467000,-1.706453,-2.767338,0.131535,-0.213750,1.018365
83.874987,5.289026,-2.054139,-2.284976,0.123802,-0.158884,0.965703
83.931424,2.807874,-2.538503,-7.138246,0.085492,-1.474403,0.949262
83.975201,0.820060,-2.768841,-2.663978,0.292267,-0.864484,1.045762
84.025527,0.887434,-3.374377,-5.609828,0.301370,-1.608962,1.032032
84.079713,-0.448562,-3.712868,-5.914574,0.341172,-1.661631,1.054900
84.125410,1.469660,-2.246245,-3.473043,0.359264,-0.903404,0.856255
84.175203,1.508484,-2.430709,1.222568,0.541498,0.144197,0.958864
84.229308,1.673349,-3.161093,-3.061620,0.464110,-0.649424,1.015102
84.276079,1.764698,-1.673022,-0.605237,0.327452,-0.179778,0.685196
84.325643,2.356905,-1.741874,-0.436386,0.293495,-0.202628,0.635142
84.375503,2.639799,-2.450131,-3.711960,0.297533,-0.840413,0.811530
84.425092,2.281768,-1.892017,-3.111336,0.299300,-0.667117,0.769069
84.476418,1.996814,-2.428926,-2.833363,0.299916,-0.618336,0.809604
84.525183,2.001061,-2.063801,-2.797855,0.242101,-0.647042,0.708423
84.575305,2.130130,-1.817120,-2.606325,0.198865,-0.599307,0.636425
84.628740,1.857089,-2.529209,-2.392971,0.301713,-0.487254,0.839668
84.676053,1.955442,-1.919918,-2.246089,0.298425,-0.415885,0.726736
84.725000,2.196074,-2.447166,-2.390708,0.335531,-0.451890,0.844302
84.775503,2.069603,-2.335959,-1.988118,0.300964,-0.390451,0.820998
84.826142,2.014577,-1.633943,-2.557509,0.242199,-0.552625,0.638483
84.875891,2.216616,-2.720387,-2.179186,0.319462,-0.450573,0.850259
84.925475,1.798913,-2.116770,-2.158353,0.288240,-0.432740,0.762688
84.975425,1.890790,-1.846254,-2.271987,0.270584,-0.472690,0.708357
85.025238,2.315377,-2.637935,-2.247431,0.319300,-0.408930,0.848007
85.104409,1.836900,-1.760533,-2.302303,0.256760,-0.461397,0.697012
85.150966,2.081894,-2.311010,-2.124178,0.313074,-0.420445,0.777352
85.200486,2.285041,-2.151644,-2.289750,0.258925,-0.467905,0.718526
85.253888,1.950410,-1.916303,-2.417310,0.220518,-0.503016,0.695693
85.300292,1.994017,-2.262286,-1.932327,0.294252,-0.397516,0.780553
85.352661,2.118354,-2.169937,-2.524007,0.292110,-0.483118,0.765032
85.400310,1.881952,-2.236972,-1.954120,0.307333,-0.401395,0.793583
85.451838,1.952217,-2.154425,-2.345770,0.262726,-0.471774,0.741426
85.502351,2.045404,-2.091608,-2.150932,0.277750,-0.440459,0.773659
85.550743,2.199409,-2.335402,-2.336502,0.302161,-0.468719,0.784739
85.600209,2.015188,-1.995263,-2.159247,0.264771,-0.423934,0.730523
85.650799,1.885740,-2.029868,-2.209066,0.256361,-0.483443,0.733865
85.700289,1.732861,-2.440198,-2.230498,0.290361,-0.465529,0.773111
85.749977,2.069033,-2.107769,-1.925303,0.318023,-0.385903,0.781653
85.800309,1.926689,-2.060241,-2.644517,0.278470,-0.536963,0.726584
85.851198,1.930231,-2.358134,-1.367885,0.287818,-0.270197,0.759648
85.900925,2.648450,-1.922693,-3.476511,0.242192,-0.731530,0.725154
85.950457,2.565006,-1.735520,-1.453796,0.244652,-0.323436,0.637003
86.000723,1.725423,-2.212411,-2.951914,0.228941,-0.640123,0.677343
86.050228,1.701702,-2.199063,-1.889503,0.245641,-0.407348,0.709270
86.100111,2.440248,-2.088228,-2.676742,0.293936,-0.539392,0.743907
86.150463,2.011382,-2.052031,-1.802895,0.308846,-0.335788,0.777623
86.202785,2.213386,-2.481553,-2.003567,0.331246,-0.366641,0.844764
86.255662,2.099837,-2.125931,-2.520111,0.342212,-0.497459,0.795845
86.300462,1.575377,-1.902184,-1.250320,0.198264,-0.337931,0.618511
86.350765,3.127538,-1.826186,-3.012452,0.201047,-0.392891,0.657400
86.406803,1.979433,-1.319084,4.742892,0.212048,1.079226,0.693270
86.477197,3.881757,-1.977992,-0.695029,0.198136,0.307585,0.976229
86.525792,3.940143,-0.557821,4.525270,0.044426,1.245028,0.691661
86.579410,4.522866,-2.699112,0.413860,0.080296,0.522272,1.125058
86.630309,4.175785,-1.574019,-1.902711,-0.007918,0.151318,1.120565
86.676639,4.800137,-0.790307,-2.005013,-0.158721,0.186253,0.891771
86.725398,6.499878,-3.185117,-1.167284,0.172685,0.547324,1.336835
86.776009,4.492745,-0.759946,-2.459447,-0.160387,0.066397,0.857754
86.828075,4.659024,-1.282631,-2.626161,-0.117686,-0.081549,0.935721
86.875576,5.455749,-2.847179,-0.018929,0.108734,0.505316,1.293286
86.925761,4.139065,-0.678613,-2.101736,-0.119883,0.007301,0.823491
86.976942,4.673239,-2.129092,-1.115090,0.045226,0.270170,1.129277
87.028502,4.994055,-2.529868,-0.584054,0.131230,0.400056,1.234646
87.075606,3.985531,-0.824668,-2.243890,-0.105065,-0.023843,0.863608
87.129918,4.807519,-2.600267,-0.549162,0.095522,0.349362,1.229590
87.175676,4.685316,-2.191738,-1.825471,0.020832,0.074511,1.163520
87.227473,4.159242,-0.967950,-1.365962,-0.070990,0.110711,0.921020
87.285240,4.700412,-2.794416,-1.380487,0.103434,0.184749,1.275346
87.325889,4.809996,-1.530134,-1.710654,-0.010562,0.123124,1.021867
87.377200,4.606031,-1.369453,-1.281555,-0.023897,0.184452,1.008798
87.430955,4.908445,-2.504062,-1.520399,0.071118,0.173018,1.215736
87.476953,4.515152,-1.263295,-1.290423,-0.041857,0.172160,0.979240
87.528720,4.594550,-1.885244,-1.711149,0.007303,0.071985,1.074231
87.581783,4.618530,-2.018355,-1.264178,0.039498,0.157481,1.114365
87.625689,4.574015,-1.345166,-1.686680,-0.045057,0.102309,0.938790
87.676252,4.722547,-2.115837,-1.389770,0.053114,0.186991,1.139531
87.731905,4.558642,-1.684054,-1.437375,0.004172,0.149748,1.019655
87.775769,4.669647,-1.617756,-1.680263,-0.019911,0.116763,1.030668
87.825742,4.707612,-2.120422,-1.171769,0.056970,0.216779,1.112002
87.875398,4.442883,-1.620406,-1.762926,-0.010825,0.093577,1.048617
87.929135,4.678392,-1.772184,-1.209639,0.000330,0.205542,1.041816
87.980623,4.437294,-2.137828,-1.680473,0.051644,0.070271,1.132683
88.026067,4.436436,-1.501104,-1.347933,-0.017707,0.165248,1.034499
88.077132,4.799891,-2.006533,-1.603287,0.010601,0.127515,1.096056
88.125631,4.668666,-2.031527,-1.436877,0.067865,0.171236,1.154193
88.176402,4.511764,-1.612263,-1.526484,-0.000715,0.130000,1.037729
88.229689,4.599864,-2.088449,-1.498793,0.054974,0.148593,1.144473
88.276740,4.453593,-1.797939,-1.401966,0.030795,0.142749,1.092347
88.325676,4.684518,-1.874384,-1.633069,0.019098,0.114853,1.076367
88.375841,4.123913,-2.091793,-1.176507,0.041068,0.186046,1.084157
88.426197,3.286706,-2.019093,-1.360841,0.020796,0.114766,1.107199
88.475730,4.944532,-1.952121,-2.012632,-0.041895,-0.009311,1.079090
88.527081,4.840340,-1.675056,-0.834889,0.000265,0.306410,1.035476
88.575718,3.985699,-1.953988,-1.158524,0.070066,0.243515,1.126090
88.645645,4.318968,-1.832800,-0.751760,-0.014677,0.250742,1.018807
88.676345,4.720621,-1.972866,0.566821,0.150623,0.644399,1.187981
88.725288,4.596673,-1.894052,-3.547629,-0.040303,-0.270208,1.047425
88.775400,4.236685,-1.586021,1.164937,-0.016988,0.635131,0.965341
88.826069,4.784530,-2.506742,-3.896132,0.082181,-0.256033,1.262294
88.879579,4.114373,-1.218755,1.052561,-0.013447,0.594426,0.932782
88.925965,4.335550,-2.728355,-3.393140,0.063159,-0.246960,1.265770
88.976227,4.283270,-1.376419,-0.367656,-0.041291,0.269505,0.976832
89.031796,4.881553,-1.805350,-2.599168,-0.028019,-0.109755,1.026925
89.101217,4.088163,-1.733361,1.011014,0.022767,0.582538,1.051727
89.152538,4.185627,-1.741647,-3.439081,-0.055100,-0.263816,1.036891
89.181848,4.821752,-2.166272,-2.592082,0.079218,-0.053763,1.188693
89.252522,4.544710,-1.901244,-2.187629,0.038479,0.013067,1.116693
89.300712,4.558743,-1.649443,-1.215625,0.054273,0.248052,1.079340
89.331796,4.493475,-1.733548,0.520202,-0.010337,0.465259,1.018095
89.402890,4.314258,-1.792711,-2.495253,-0.014638,-0.071008,1.077924
89.450363,4.466404,-1.513447,-0.252787,-0.040972,0.307186,0.976402
89.504464,4.577904,-2.368230,-2.956980,0.028250,-0.170363,1.163936
89.551115,4.304156,-1.248106,0.081656,0.005335,0.423262,0.969431
89.600762,4.866587,-2.378427,-2.669834,0.071573,-0.051614,1.209123
89.651160,4.416882,-1.715852,-0.295112,0.051069,0.373829,1.065187
89.701936,4.406875,-1.817691,-2.235612,0.030086,-0.027835,1.104598
89.755019,4.730668,-2.124556,-0.808810,0.064232,0.266328,1.156696
89.801973,4.313746,-1.648012,-1.582796,0.003306,0.105556,1.035161
89.850780,4.464852,-1.910911,-1.522194,0.028631,0.140794,1.100956
89.904950,4.320369,-2.110812,-1.104215,0.043625,0.199533,1.122410
89.951297,4.537199,-1.562779,-1.858581,-0.011338,0.098440,1.023578
90.002790,4.716352,-1.803030,-0.963091,0.019195,0.258503,1.067052
90.055733,4.751471,-2.076589,-1.763722,0.051754,0.105974,1.135544
90.100682,4.557780,-1.549891,-1.263737,0.012236,0.177450,1.043640
90.150911,4.544687,-2.097470,-1.668526,0.037267,0.081935,1.109936
90.205215,4.549277,-1.653598,-1.379579,-0.000619,0.156545,1.013306
90.253200,4.597336,-1.569491,-1.588460,-0.019430,0.106453,0.996819
90.300901,4.645957,-2.055120,-1.404587,0.030038,0.144663,1.108566
90.359455,4.550730,-1.747673,-1.473981,0.037659,0.151354,1.086017
90.400768,4.716015,-1.840772,-1.375970,0.024794,0.174993,1.061284
90.451676,4.400206,-1.872452,-1.341327,0.012374,0.151856,1.080883
90.500957,4.609748,-1.739717,-1.409385,0.001429,0.153092,1.051511
90.550737,4.487783,-1.934297,-1.518257,0.031954,0.121728,1.089785
90.601419,4.490923,-1.837561,-1.311908,0.004389,0.161812,1.083667
90.651065,4.535102,-1.856205,-1.620792,0.034842,0.122980,1.095474
90.700659,4.522538,-1.867079,-1.163539,0.023821,0.211469,1.086520
90.752057,4.592942,-1.859447,-1.714259,0.034217,0.087306,1.084681
90.800657,4.461365,-1.886114,-1.292107,0.028782,0.148519,1.092836
90.850672,4.563375,-1.861386,-1.639115,0.019539,0.114773,1.060513
90.902552,4.590518,-1.741221,-1.375001,0.013594,0.139484,1.046029
90.975837,4.749317,-1.963525,-1.670287,0.030635,0.131457,1.092920
91.025912,4.371918,-1.724856,-1.279570,0.015806,0.173864,1.051223
91.080782,4.478428,-1.922320,-1.637638,0.032176,0.099074,1.102441
91.126237,4.531934,-1.729521,-1.119618,0.009304,0.204770,1.024610
91.178272,4.414258,-1.891499,-1.658120,0.016482,0.090408,1.106777
91.229411,4.536450,-1.851299,-1.171625,0.024610,0.188613,1.065982
91.277278,4.538032,-1.765028,-1.598001,0.005871,0.108068,1.041807
91.326363,4.604442,-1.799397,-1.347874,0.009826,0.196384,1.058796
91.376360,4.634845,-1.907150,-1.505575,0.022641,0.121971,1.079001
91.426620,4.467060,-1.772410,-1.409706,0.035125,0.150416,1.077798
91.475789,4.609478,-1.900644,-1.335554,0.028672,0.181992,1.088508
91.527180,4.523249,-1.873478,-1.584847,0.030367,0.119125,1.062361
91.576051,4.599204,-1.780854,-1.262685,0.031737,0.195477,1.078263
91.625939,4.705237,-1.937685,-1.757245,0.025659,0.076996,1.092346
91.676058,4.555225,-1.786920,-1.190203,0.026564,0.208719,1.069423
91.731933,4.603683,-1.867714,-1.748585,0.017259,0.087041,1.079335
91.776292,4.558558,-1.819358,-1.252862,0.024123,0.168407,1.062461
91.825838,4.422350,-1.875883,-1.626605,0.020352,0.091424,1.087314
91.875957,4.491749,-1.810728,-1.325781,0.019757,0.154749,1.063409
91.926739,4.545159,-1.828820,-1.548730,0.021897,0.118576,1.058562
91.976042,4.568706,-1.790893,-1.408140,0.004976,0.161783,1.066453
92.026678,4.463915,-1.846939,-1.418408,0.022306,0.150982,1.067954
92.076117,4.603043,-1.861958,-1.449778,0.044355,0.156351,1.091588
92.127070,4.514184,-1.858241,-1.376875,0.031746,0.141982,1.079594
92.175819,4.471075,-1.822225,-1.524835,-0.010273,0.119669,1.048481
92.226645,4.549724,-1.792171,-1.485738,0.021901,0.123052,1.060324
92.276179,4.567705,-1.945862,-1.493521,0.040443,0.138225,1.106579
92.327417,4.521728,-1.835674,-1.373830,0.026225,0.162543,1.078155
92.381260,4.459990,-1.834600,-1.532274,0.017608,0.106253,1.063239
92.428474,4.491294,-1.823911,-1.404321,0.039981,0.149976,1.057594
92.478354,4.470080,-1.805991,-1.491758,-0.003835,0.116566,1.061179
92.531412,4.552547,-1.858506,-1.417906,0.036373,0.148189,1.100891
92.575990,4.526136,-1.825666,-1.489350,0.023380,0.127298,1.058016
92.626288,4.599018,-1.721817,-1.423307,-0.001860,0.157285,1.025463
92.680640,4.498848,-1.877371,-1.481503,0.028072,0.131025,1.092790
92.726314,4.530397,-1.773119,-1.476211,0.007044,0.118779,1.051680
92.777325,4.573647,-1.789405,-1.476917,0.011964,0.157173,1.047233
92.829790,4.580986,-1.864959,-1.425843,0.032949,0.155576,1.077685
92.879678,4.567436,-1.763058,-1.397132,-0.003020,0.160909,1.036590
92.925818,4.544926,-1.782017,-1.446414,0.033738,0.134482,1.062965
92.980031,4.695511,-1.875559,-1.679918,0.021429,0.099709,1.081573
93.026076,3.970745,-2.174111,-1.294814,0.071746,0.123436,1.202581
93.078474,3.969185,-2.099160,-2.002238,0.017435,-0.017839,1.123142
93.126167,4.245085,-1.833263,-0.822367,-0.011143,0.243417,1.020662
93.180971,4.748993,-1.910327,-1.891406,0.061227,0.106021,1.162800
93.226510,4.279383,-1.918066,-0.424956,0.077308,0.356153,1.109890
93.276311,4.347781,-2.262639,-2.284848,0.071440,0.060146,1.209056
93.351031,3.359427,-2.226143,-0.443765,0.083371,0.367726,1.142179
93.405204,3.926385,-2.315729,-1.808410,0.094509,0.130026,1.248125
93.450500,5.018691,-1.633260,-0.420486,0.054771,0.331817,1.064218
93.502823,4.833280,-1.966369,-2.519303,0.065809,-0.041630,1.121490
93.555243,4.726489,-1.695314,-0.409616,0.033227,0.390434,1.052562
93.601136,4.498294,-2.256994,-2.471634,0.022192,-0.088687,1.179801
93.653906,4.633094,-1.436654,-1.147566,-0.045780,0.159642,0.973129
93.705635,4.486321,-2.025784,-1.971052,-0.037393,-0.025085,1.050697
93.752132,4.442804,-1.814061,-1.504443,-0.009377,0.097387,1.056274
93.804509,4.667426,-1.663705,-1.229451,0.060485,0.221590,1.094122
93.858592,4.645610,-2.248899,-1.405712,0.116102,0.202872,1.191365
93.902364,4.186766,-1.774468,-1.123145,0.051119,0.200089,1.073924
93.951297,4.351677,-1.802881,-1.551504,0.017296,0.134136,1.051114
94.004631,4.386535,-2.114922,-1.160617,0.028349,0.180571,1.108254
94.052207,4.067520,-1.894045,-1.757004,-0.003364,0.028643,1.074526
94.101589,4.556647,-1.872995,-1.330774,0.029180,0.169456,1.089177
94.151094,4.694586,-1.905336,-1.549420,0.035985,0.157025,1.079100
94.201563,4.685254,-1.652051,-1.427910,-0.001135,0.169539,1.016902
94.251936,4.739284,-1.755413,-1.510121,0.017063,0.151616,1.058170
94.301420,4.692663,-1.745734,-1.453576,0.009166,0.139182,1.031935
94.352061,4.379976,-2.001275,-1.649399,0.033199,0.082708,1.118378
94.401143,4.288650,-2.011983,-1.295347,0.056805,0.165042,1.110731
94.453297,4.779151,-1.788954,-1.852429,0.018329,0.053058,1.059186
94.501518,4.298845,-1.837269,-1.018626,-0.002673,0.215942,1.037275
94.551197,4.810922,-1.900266,-1.744428,0.048168,0.093702,1.100335
94.600957,4.131565,-1.996750,-1.692333,0.047028,0.082489,1.147840
94.653334,4.453469,-1.933864,-0.948554,0.006731,0.245559,1.065514
94.703948,4.791254,-1.674213,-2.120623,0.001960,0.028271,0.999969
94.751382,4.763553,-1.563343,-0.766053,0.009182,0.258475,1.017430
94.801566,4.425426,-2.290290,-1.586650,0.096686,0.172654,1.177296
94.851064,3.976708,-1.685474,-1.366468,0.012382,0.162482,1.027093
94.902855,4.703641,-1.965109,-1.348409,0.031050,0.161774,1.098992
94.956293,5.134283,-1.813368,-1.802338,0.015247,0.073936,1.037463
95.006711,4.233572,-1.338285,-1.221492,-0.072456,0.146267,0.893461
95.055804,4.961581,-2.321886,-1.369002,0.127509,0.242190,1.204316
95.101269,4.692370,-1.764818,-1.455496,0.054888,0.194496,1.123584
95.155402,4.593832,-1.896673,-1.394922,0.063731,0.151954,1.083699
95.226400,4.288088,-1.887582,-0.762618,0.090637,0.325271,1.114934
95.276980,4.810560,-1.944006,-1.540779,0.065536,0.175912,1.107150
95.307974,4.353205,-2.250906,-2.975761,0.016836,-0.175492,1.149866
95.377038,4.605077,-1.519404,-1.027724,-0.040288,0.187285,0.963141
95.429916,4.642642,-2.110478,-2.835595,-0.009285,-0.154655,1.103943
95.455955,4.567408,-1.794030,-0.405098,0.067628,0.408298,1.071182
95.526509,4.638374,-2.092093,-2.875339,0.050437,-0.103149,1.130928
95.576025,4.491242,-1.713297,-0.196883,0.028943,0.384470,1.022111
95.628339,4.664703,-1.932959,-2.387755,0.043869,-0.030625,1.093964
95.676486,4.483840,-1.762563,-0.782408,0.027082,0.267306,1.071803
95.726448,4.293313,-2.212482,-1.742792,0.055526,0.064003,1.143540
95.776068,4.383804,-1.786872,-1.512293,0.012611,0.127386,1.074199
95.826356,4.503376,-1.785704,-0.943737,0.034664,0.251411,1.044969
95.882267,4.440208,-2.102386,-1.981839,0.025582,0.028071,1.123158
95.930493,4.507069,-1.622436,-0.649441,0.030021,0.276072,1.037443
95.976053,4.686464,-2.110172,-2.292624,0.072346,-0.007800,1.142091
96.030711,4.471761,-1.781956,-0.552036,0.062090,0.320574,1.109234
96.076525,4.598059,-2.002944,-2.209186,0.011125,0.012533,1.102397
96.129057,4.579545,-1.791208,-0.943301,0.042192,0.216242,1.072776
96.181988,4.467913,-1.990137,-2.001928,0.030976,0.017938,1.115627
96.227015,4.569593,-2.078576,-1.470182,0.062823,0.138741,1.143602
96.276207,4.597377,-1.786487,-1.326275,0.022607,0.166526,1.075089
96.331153,4.629734,-1.814086,-1.609159,0.029282,0.135400,1.078201
96.376666,4.561343,-1.978881,-1.048506,0.066016,0.243975,1.115047
96.426314,4.597460,-1.861102,-1.873924,0.014210,0.071496,1.075789
96.481679,4.548248,-1.683699,-1.039948,-0.010177,0.221174,1.038773
96.526197,4.505260,-2.102035,-1.818100,0.031557,0.056779,1.113834
96.576620,4.415720,-1.825080,-1.243942,0.016439,0.161976,1.070657
96.626802,4.526735,-1.871715,-1.556595,0.030405,0.130808,1.080160
96.679632,4.620194,-1.959014,-1.555554,0.047005,0.112774,1.094065
96.726247,4.570675,-1.720762,-1.339561,-0.001206,0.168141,1.048522
96.776302,4.503929,-2.016969,-1.613152,0.053428,0.081487,1.124555
96.827554,4.541098,-1.860888,-1.227794,0.025553,0.189224,1.070101
96.876219,4.445051,-1.890969,-1.691867,0.016329,0.094323,1.061174
96.926549,4.472728,-1.801884,-1.210114,0.017870,0.169940,1.050368
96.976949,4.527260,-1.871754,-1.651823,0.019652,0.104774,1.072541
97.025926,4.541758,-1.835962,-1.351549,0.016706,0.161505,1.087263
97.076149,4.638708,-1.899616,-1.387150,0.039007,0.180563,1.085928
97.126385,4.463632,-1.793404,-1.414087,0.010140,0.161952,1.057830
97.205525,4.550569,-1.948079,-1.686051,0.029883,0.089225,1.093688
97.251744,4.585104,-1.715643,-1.398692,0.005871,0.154089,1.032865
97.301910,4.555757,-1.831506,-1.409181,0.028975,0.166364,1.052686
97.354964,4.613736,-1.755704,-1.421739,0.016330,0.177078,1.035158
97.401550,4.454731,-1.771497,-1.373696,0.017906,0.147654,1.061517
97.452415,4.496495,-1.958111,-1.696674,0.035962,0.090911,1.092541
97.501428,4.444893,-1.810284,-1.188698,0.027523,0.185284,1.065155
97.551311,4.455654,-1.852590,-1.775168,0.015275,0.052231,1.051173
97.605112,4.471385,-1.831663,-1.127186,0.022396,0.212308,1.055980
97.651457,4.591194,-1.872391,-1.736132,0.020879,0.072522,1.080611
97.701138,4.545222,-1.748407,-1.255300,0.006840,0.172556,1.037430
97.751176,4.604448,-1.931924,-1.569951,0.035104,0.131013,1.092988
97.801320,4.534339,-1.785702,-1.334867,0.014341,0.175356,1.028749
97.853955,4.406988,-1.820646,-1.442675,0.014264,0.128700,1.037471
97.901190,4.438278,-1.795530,-1.460467,-0.002025,0.136573,1.028851
97.952152,4.612578,-1.759910,-1.380177,-0.005952,0.165100,1.032641
98.002360,4.541125,-1.937945,-1.572549,0.025284,0.103156,1.112219
98.055269,4.497588,-1.847492,-1.274702,0.031196,0.169351,1.084125
98.101300,4.612819,-1.971248,-1.574644,0.027365,0.139221,1.127838
98.151108,4.445660,-1.900563,-1.276145,0.037966,0.151163,1.088646
98.201423,4.549222,-1.796512,-1.644852,0.009677,0.106918,1.047837
98.253072,4.500840,-1.844898,-1.383964,0.026151,0.149042,1.067444
98.301203,4.475233,-1.917383,-1.555491,0.036704,0.118675,1.099282
98.351359,4.598977,-1.679208,-1.457106,-0.014174,0.156647,0.989348
98.401173,4.509160,-1.891875,-1.418501,0.032270,0.151007,1.084232
98.451448,4.557373,-1.841686,-1.552141,0.012753,0.127955,1.064656
98.506710,4.589584,-1.803273,-1.437607,0.009689,0.136800,1.078245
98.551445,4.572794,-1.922618,-1.515431,0.034710,0.126858,1.096654
98.601281,4.630361,-1.817896,-1.427049,0.021509,0.155935,1.065596
98.655966,4.569234,-1.900052,-1.504443,0.029174,0.145247,1.079751
98.701352,4.578120,-1.909043,-1.403013,0.025273,0.153697,1.110451
98.751259,4.604899,-1.895020,-1.447540,0.021068,0.162100,1.093963
98.806173,4.542684,-1.923106,-1.443841,0.019584,0.136132,1.101250
98.852198,4.645525,-1.769975,-1.420516,0.026715,0.180823,1.053516
98.901314,4.591540,-1.964083,-1.460357,0.043539,0.150345,1.107614
98.956286,4.533570,-1.893721,-1.460863,0.042888,0.133920,1.086998
99.001643,4.488197,-1.803286,-1.499615,0.008110,0.118906,1.047073
99.051525,4.573709,-1.856513,-1.399788,0.027266,0.160905,1.064397
99.106801,4.596738,-1.918180,-1.570454,0.036300,0.142936,1.103300
99.179423,4.463720,-1.873482,-1.298330,0.041039,0.180104,1.079261
99.226808,4.552091,-1.915488,-1.552518,0.044452,0.135456,1.109612
99.276694,4.507259,-1.853753,-1.413410,0.018537,0.130762,1.080543
99.326873,4.487271,-1.873083,-1.534662,0.017997,0.117672,1.081145
99.380982,4.493084,-1.925872,-1.380245,0.042045,0.158544,1.101669
99.430762,4.585661,-1.858773,-1.539608,0.026401,0.132767,1.063148
99.477423,4.493672,-1.820090,-1.351640,0.013135,0.156119,1.070666
99.535502,4.857922,-1.657417,-1.725083,-0.002241,0.123504,0.980887
99.576636,4.366038,-1.970520,-0.247536,0.115706,0.448869,1.137296
99.631234,5.834175,-1.295716,-3.218402,-0.041181,-0.005258,1.031714
99.682016,5.713882,-1.100142,-0.139755,-0.221714,0.470428,0.775972
99.727917,5.225441,-2.194205,-2.408961,-0.072767,0.187275,1.070542
99.780854,5.450207,-0.289064,0.798247,-0.253493,0.565007,0.564908
99.832427,3.117152,-3.296707,-7.695077,-0.011472,-1.383964,1.139685
99.876397,2.714614,-1.958502,-4.409860,0.031726,-0.842663,0.879380
99.927036,1.290735,-1.362002,-2.732763,-0.057923,-1.171090,0.477724
99.981615,-0.557788,-4.358902,-8.942210,0.223617,-2.207386,1.145672
100.027773,1.050650,-1.969332,-3.541873,0.350607,-1.143562,0.805071
100.076653,-0.085185,-2.667208,-5.191413,0.364236,-1.337705,0.887193
100.126670,1.005912,-3.960315,-4.117738,0.413842,-1.046535,1.093977
100.178042,0.588041,-1.908596,-1.783141,0.280042,-0.666472,0.716560
100.228160,-0.104875,-2.769161,-5.057786,0.204331,-1.315455,0.688198
100.276276,0.540853,-2.571820,-2.316890,0.243166,-0.978858,0.775986
100.326859,2.122160,-2.191393,-5.760579,0.248121,-1.641484,0.802329
100.376531,1.141811,-2.777625,-5.783846,0.264822,-1.659787,0.885998
100.427420,2.003503,-1.836561,-1.582600,0.273126,-0.473456,0.743508
100.476949,1.227961,-2.887957,-4.581566,0.237656,-1.154718,0.831486
100.526432,0.154871,-2.480099,-2.899446,0.253396,-0.877427,0.694996
100.576939,1.074098,-2.180855,-3.606917,0.255493,-1.045522,0.580411
100.627552,1.547386,-2.339541,-5.143492,0.295024,-1.326198,0.705952
100.676932,2.083694,-1.723490,-4.597135,0.336934,-1.402574,0.686708
100.727074,1.123943,-2.562029,-3.979004,0.485813,-1.175532,0.857522
100.776585,0.321865,-2.596055,-2.959350,0.435792,-0.851934,0.925258
100.826454,0.870901,-2.422693,-3.548562,0.326252,-1.028821,0.562097
100.876510,1.538812,-2.025001,-5.196926,0.301316,-1.459577,0.623145
100.928932,2.980996,-0.990509,-2.752514,0.261331,-0.858461,0.299043
100.978187,1.372099,-2.941045,0.222843,0.314098,-0.191040,0.912384
101.028611,2.558364,-1.920887,-3.915176,0.324056,-1.126272,0.658203
101.076450,-1.179800,-3.067470,-0.317339,0.274542,-0.464308,0.817586
101.131291,0.801174,-3.312963,-0.384278,0.288557,-0.460556,0.880343
101.176799,0.751442,-2.645276,-1.053531,0.205562,-0.622078,0.623269
101.228049,0.751442,-2.645276,-1.053531,0.205562,-0.622078,0.623269
101.281626,0.205608,-2.677312,-1.085779,0.153214,-0.694822,0.487739
101.351883,-1.242921,3.466181,-9.658757,-0.275795,-2.440293,-1.101330
101.402074,0.844552,-0.639864,-3.327883,-0.048898,-1.177233,-0.111937
101.431185,0.570781,-3.732307,-2.305655,0.069108,-0.854488,0.755465
101.501893,1.291538,1.571861,-7.436026,0.050425,-1.938515,-0.303775
101.551432,-1.416103,-0.334635,-4.126788,-0.122572,-1.791455,-0.266705
101.581982,0.504973,-2.182560,-1.597009,0.016447,-0.865257,0.429233
101.652814,3.072065,0.293129,-6.169136,0.045083,-1.912582,-0.222759
101.701422,0.903549,-0.020707,-4.484069,0.260760,-1.310383,0.420989
101.752211,0.741936,-1.478562,-1.429250,0.031042,-0.635069,0.117976
101.801178,2.500959,-0.213777,-3.960421,-0.217909,-0.991155,-0.633778
101.851715,0.014114,0.738605,-4.215441,-0.255434,-1.257611,-0.535780
101.901991,1.360771,0.199477,-2.326943,-0.005278,-1.097673,-0.427288
101.951870,3.541948,-0.101133,-4.971928,0.039376,-1.619833,-0.135463
102.006455,3.010421,0.634896,-4.290727,-0.174574,-1.334134,-0.495993
102.052082,1.414621,0.346155,-3.391305,0.049087,-1.137625,-0.476200
102.101499,-0.942387,-1.687271,-3.474157,0.012123,-1.164156,0.227592
102.158376,2.285128,-1.054264,-3.448937,0.128971,-0.817866,0.188960
102.201630,2.911103,1.228184,-3.891229,-0.100820,-1.166078,-0.822808
102.255004,2.607611,0.718933,-2.605082,-0.177788,-1.002917,-0.581188
102.306819,5.217915,0.057074,-2.722471,-0.040565,-0.928591,-0.453885
102.352300,2.520542,-0.467046,-2.968985,0.001525,-0.697384,-0.114154
102.401820,0.462609,0.328865,-3.497714,-0.024310,-0.919990,-0.485130
102.458266,1.865614,0.101918,-2.642809,-0.024961,-0.786305,-0.678382
102.501780,3.137956,-1.881465,-4.058380,-0.100142,-1.271502,0.211104
102.552480,5.048647,1.023457,-2.904366,0.027913,-1.070294,-0.920107
102.611004,5.377109,1.251186,-3.174598,0.174836,-1.022139,-0.620744
102.653204,0.814865,-0.838021,-2.848731,-0.089730,-0.613819,-0.436071
102.702877,2.896806,0.676658,-2.536590,0.028856,-0.701271,-1.136144
102.751640,3.100794,0.196062,-2.262024,-0.013974,-0.590627,-0.535046
102.802345,2.158453,-1.039031,0.100293,0.097482,-0.088986,0.011006
102.854746,3.414956,-1.403850,1.262465,0.168266,0.274439,-0.036608
102.901936,3.003250,-1.423083,-2.359418,-0.129973,-0.677975,-0.551018
102.954068,0.411914,-2.052552,0.214382,0.033622,-0.360974,-0.393616
103.002214,1.353536,-4.357268,1.070560,0.020687,-0.031870,0.501522
103.054213,1.353536,-4.357268,1.070560,0.020687,-0.031870,0.501522
103.101557,3.238306,2.832870,-1.713122,0.072157,0.015879,-1.186317
103.151817,4.634913,2.913686,-0.291287,-0.005380,0.090236,-1.779205
103.227211,8.859015,-0.471676,5.683853,-0.069055,1.492979,-1.267257
103.280730,9.268618,2.947993,1.818720,-0.010835,0.517456,-2.205751
103.332069,8.677340,3.890857,1.930629,0.058551,0.740577,-2.537673
103.378660,7.761790,0.838957,2.870764,-0.034529,0.723184,-1.856223
103.426681,9.313661,0.595976,1.274996,-0.068458,0.398125,-1.694293
103.480644,10.612348,2.979388,1.515963,0.048479,0.378770,-2.125420
103.530543,9.396202,1.959059,2.941752,0.088492,0.719876,-2.015934
103.577011,8.801248,-0.252826,1.984034,-0.041293,0.693271,-1.379563
103.629062,6.643877,1.616813,1.338485,-0.002172,0.314241,-1.712911
103.677339,7.279850,2.791528,2.230458,0.085335,0.660941,-1.987888
103.729014,9.133498,0.418903,1.668983,0.021091,0.294107,-1.386415
103.778435,8.570333,0.444915,2.751964,0.085553,0.677784,-1.246919
103.829560,7.702110,2.207819,0.869903,0.099941,0.105538,-1.896588
103.878009,8.624370,0.721986,0.736913,-0.001255,-0.008038,-1.479663
103.926878,8.536024,0.377275,0.405757,-0.016801,0.065007,-1.348308
103.976712,9.743660,1.438575,1.465807,0.074580,0.070950,-1.719196
104.028585,8.080541,1.101847,2.753465,0.017907,0.544973,-1.454533
104.080749,8.671643,0.679212,1.353624,0.068907,0.301712,-1.318247
104.127403,7.548443,-0.187680,0.102794,-0.065492,-0.111025,-0.933516
104.178056,6.779326,0.069439,2.356667,0.065760,0.460788,-0.940229
104.226711,8.761755,0.655174,1.130282,0.070158,-0.165277,-1.221307
104.282137,10.795614,-0.197617,0.165042,-0.029699,-0.369844,-1.091759
104.327657,8.163705,0.300275,1.032952,0.064281,-0.092601,-1.301864
104.377765,7.142107,0.521734,1.435276,0.043881,0.061800,-1.176937
104.426811,9.558954,0.168732,-0.473361,-0.039551,-0.518358,-1.121805
104.478153,9.053663,-0.891508,0.171534,-0.065478,-0.452385,-0.821358
104.531895,7.145267,0.008692,2.954223,0.088207,0.463219,-1.000342
104.578714,7.321470,-0.258842,-1.761001,-0.049446,-0.514895,-1.041654
104.632565,8.364682,-2.029760,0.030305,-0.220608,-0.605542,-0.468047
104.677629,8.364682,-2.029760,0.030305,-0.220608,-0.605542,-0.468047
104.726571,7.725057,1.660078,-2.281811,-0.020153,-0.917211,-1.162573
104.782573,-0.552958,-3.972997,5.153013,-0.077392,1.250328,0.052571
104.828074,3.621679,-2.871163,2.383123,-0.207439,0.412123,-0.133292
104.877191,5.555920,2.004656,-1.569595,-0.167971,-0.887558,-1.023729
104.931183,3.379742,-0.344482,3.999818,-0.114990,0.595590,-0.378260
105.002397,4.708008,-1.527870,0.212819,-0.414027,-0.472536,-0.236791
105.054512,3.322206,2.263956,2.820520,-0.098776,0.485735,-0.875821
105.081795,3.845519,1.248655,2.353260,-0.221427,0.055984,-0.806348
105.152150,3.909940,-3.115652,1.938181,-0.390827,0.375945,0.098341
105.202424,2.372905,1.698494,3.251870,-0.120173,0.694570,-0.750262
105.230673,2.858962,1.626256,1.730632,-0.267906,0.093306,-0.742016
105.302682,3.620516,-3.124378,0.651133,-0.420914,0.074967,0.112492
105.353043,2.076434,-0.306363,2.626037,-0.286378,0.277885,-0.205975
105.401667,3.166106,0.330681,0.538260,-0.359212,0.032923,-0.344617
105.456632,3.503719,-2.800262,0.914561,-0.381271,0.040396,0.398539
105.506026,3.796799,-1.067057,3.656530,-0.179291,0.814228,-0.019760
105.551472,5.450224,-0.214790,0.420426,-0.377695,-0.026986,-0.313125
105.602273,4.702966,-2.346865,1.511525,-0.315285,0.219218,0.298044
105.659329,4.205245,-2.075023,3.160481,-0.237677,0.658056,0.246347
105.702076,5.671021,-0.344614,-0.051454,-0.442140,-0.069644,-0.291354
105.752088,4.778198,-1.399537,3.642368,-0.173826,1.029166,0.091804
105.806687,4.552597,-2.668046,3.181867,-0.261192,0.796587,0.371376
105.854065,5.628178,-1.155751,0.472322,-0.372760,0.291395,-0.009274
105.902046,3.312487,-0.891531,2.005711,-0.326934,0.578933,0.040529
105.957182,4.316082,-2.456525,2.349541,-0.304877,0.561330,0.250997
106.002466,3.632079,-1.613116,0.225641,-0.434071,0.212491,-0.000835
106.052316,3.567997,-0.845583,1.722368,-0.347785,0.454107,0.039596
106.106435,4.330353,-2.020622,1.652574,-0.358495,0.582773,0.074877
106.153625,4.250887,-1.923640,1.306246,-0.316518,0.672329,0.140878
106.202084,3.766995,-0.693389,2.120136,-0.403044,0.581232,-0.108951
106.253089,4.259129,-1.527063,1.439577,-0.368711,0.696111,-0.044957
106.302832,4.427238,-1.893255,2.211797,-0.296687,0.808307,0.135212
106.352281,4.140951,-0.364912,2.670450,-0.460248,0.941381,-0.424020
106.402592,3.534014,-0.979742,0.668725,-0.470950,0.700756,-0.205498
106.477215,2.436510,-0.778754,2.464316,-0.519799,0.913117,-0.411977
106.535922,3.601657,-0.426491,1.041252,-0.602154,0.688138,-0.461228
106.578407,3.618661,-0.780197,2.974735,-0.393313,1.243765,-0.338866
106.631767,3.469140,-0.595854,2.561858,-0.499517,1.035069,-0.400182
106.681729,3.701140,-0.409877,0.339698,-0.723192,0.528185,-0.578309
106.730781,3.571370,-0.255662,3.003403,-0.597732,1.168168,-0.686079
106.777327,4.824535,-0.423602,2.511619,-0.642779,1.126221,-0.824312
106.831828,7.656987,0.050915,-2.377380,-0.964974,0.430678,-1.073672
106.879566,3.631881,0.233223,0.167639,-0.793476,0.924564,-0.943830
106.927268,7.253941,-1.689829,2.353533,-0.448151,1.445207,-0.573996
106.981451,4.321473,2.230659,0.950391,-1.247174,1.147306,-2.217623
107.028507,2.739250,4.429513,0.317749,-1.566379,0.885823,-2.919176
107.077360,-0.003205,0.599339,-0.032214,-1.011018,0.419568,-1.788178
107.128304,-0.587355,0.379217,-1.563043,-0.968379,0.092535,-1.661479
107.177599,1.195238,2.646559,-2.271158,-1.062288,-0.044953,-1.942586
107.234057,0.181644,0.864865,-2.123954,-1.073354,-0.271527,-1.638815
107.277070,0.776952,0.088506,1.399730,-0.716980,0.516738,-1.305638
107.327867,3.309662,3.787292,-0.320408,-1.349968,0.453342,-2.947931
107.377354,3.109628,2.549151,-0.578912,-1.230206,0.283349,-2.543221
107.431119,-0.351940,0.270800,2.102949,-0.748581,0.666223,-1.536469
107.477402,3.236713,0.369570,-1.350967,-0.966139,0.197902,-1.782190
107.527752,2.124834,2.941249,-0.394544,-1.103312,0.325670,-2.226309
107.579469,1.755370,0.888328,0.307292,-0.829473,0.475024,-1.658125
107.627036,2.958107,-0.242944,-0.934911,-0.823162,0.325505,-1.492138
107.676984,2.699883,2.074115,-0.039835,-0.883427,0.460953,-1.870744
107.726980,2.249437,1.232091,-0.323086,-0.850092,0.403196,-1.679958
107.778833,2.747053,-0.270046,-0.208439,-0.735222,0.429701,-1.411303
107.831366,3.148740,1.488351,-0.172356,-0.831796,0.474465,-1.722803
107.877392,2.715370,1.298085,-0.500128,-0.882263,0.403115,-1.763710
107.927768,2.412596,0.178940,0.392131,-0.726070,0.533065,-1.495948
107.977745,3.097314,1.111822,-0.566973,-0.815443,0.361574,-1.635574
108.028527,2.786274,1.290199,-0.551013,-0.884701,0.395992,-1.771036
108.078343,2.375665,0.489866,0.546090,-0.730057,0.583703,-1.508057
108.131339,3.087537,1.068392,-0.465258,-0.835134,0.430829,-1.692878
108.177634,2.890158,1.179436,-0.550413,-0.837336,0.379354,-1.702135
108.228717,2.289254,0.414556,0.416558,-0.703580,0.534003,-1.412293
108.282458,2.871332,0.845077,-0.599361,-0.807037,0.360948,-1.595054
108.327348,3.137044,1.182446,-0.411280,-0.840243,0.438419,-1.696408
108.379169,2.405107,0.606462,0.311862,-0.746135,0.538136,-1.539481
108.431531,2.871501,0.940846,-0.458436,-0.821739,0.421281,-1.642431
108.476813,2.899427,1.230880,-0.203983,-0.831739,0.453481,-1.713442
108.527229,2.650035,0.513538,-0.092737,-0.765687,0.461024,-1.540091
108.581633,2.762422,0.914499,-0.289594,-0.785459,0.449256,-1.591422
108.627893,2.616583,1.114392,-0.085628,-0.825683,0.456685,-1.632270
108.683617,2.698804,0.424849,-0.312563,-0.779372,0.441025,-1.509460
108.732168,2.683847,1.168524,-0.119942,-0.831718,0.440380,-1.693723
108.803474,2.956020,0.755292,-0.350008,-0.806592,0.421548,-1.608751
108.857636,2.577302,0.672535,-0.071776,-0.773735,0.473475,-1.572326
108.907127,2.532821,1.199253,-0.116286,-0.810857,0.444723,-1.648487
108.952110,2.903553,0.670359,-0.409177,-0.791403,0.404010,-1.530320
109.007452,2.634281,0.521231,-0.045563,-0.743758,0.458995,-1.466341
109.053807,2.670820,1.244910,-0.215377,-0.816349,0.428300,-1.687734
109.102462,2.794425,0.769727,-0.297303,-0.783421,0.436502,-1.582589
109.157183,2.750642,0.729509,0.038053,-0.802951,0.504221,-1.601075
109.202443,2.901096,1.166656,-0.366785,-0.832141,0.420607,-1.717973
109.252224,2.542500,0.830117,-0.193267,-0.795644,0.409946,-1.563657
109.307706,2.666217,0.727702,-0.195258,-0.792749,0.425097,-1.619161
109.356689,2.868441,1.088538,-0.331060,-0.826881,0.433787,-1.662289
109.402501,2.658032,0.741671,-0.081693,-0.750153,0.484133,-1.500063
109.456404,2.702079,0.666880,-0.221712,-0.791598,0.432600,-1.576987
109.504709,2.728185,1.144704,-0.230473,-0.836827,0.424670,-1.691863
109.552981,2.790734,0.973703,-0.086806,-0.805774,0.482222,-1.634448
109.607365,2.759086,0.611897,-0.231843,-0.771602,0.443171,-1.554073
109.652451,2.672374,1.058125,-0.225769,-0.821810,0.420466,-1.664166
109.702476,2.674057,0.949175,-0.166942,-0.797987,0.451054,-1.611781
109.756119,2.604527,0.607300,-0.222235,-0.776727,0.420925,-1.542994
109.802849,2.727499,1.126369,-0.042642,-0.810306,0.491172,-1.676391
109.852287,2.842414,0.918331,-0.239741,-0.799851,0.454757,-1.608859
109.902182,2.637969,0.730558,-0.158013,-0.813555,0.430240,-1.617799
109.953221,2.637869,0.950429,-0.102915,-0.781018,0.456844,-1.611747
110.002473,2.796251,0.936900,-0.260346,-0.805888,0.441794,-1.610320
110.052472,2.582481,0.657941,-0.115858,-0.781430,0.436406,-1.540038
110.104244,2.739244,0.877653,-0.209620,-0.793371,0.430787,-1.557846
110.152275,2.860935,1.088045,-0.269281,-0.806496,0.442118,-1.686754
110.202378,2.613294,0.763148,-0.051179,-0.793508,0.465083,-1.605160
110.255641,2.688906,0.820550,-0.308025,-0.794237,0.401858,-1.566393
110.302351,2.747157,0.958762,-0.276611,-0.803348,0.418506,-1.606702
110.352377,2.714998,0.779471,-0.109572,-0.799207,0.456533,-1.621031
110.402750,2.837678,0.895948,-0.189522,-0.806006,0.482089,-1.634215
110.452294,2.741746,0.917233,-0.081094,-0.760319,0.487772,-1.560844
110.503778,2.822876,0.785947,-0.231525,-0.801423,0.443341,-1.621050
110.552454,2.705139,0.814231,-0.229912,-0.785675,0.445010,-1.568568
110.603568,2.742796,1.006827,-0.144412,-0.790397,0.459074,-1.610414
110.653546,2.636705,0.804404,-0.204459,-0.809633,0.432428,-1.590179
110.704191,2.620366,0.787049,-0.145497,-0.777986,0.447379,-1.553390
110.757439,2.605695,0.937402,-0.220599,-0.791945,0.429092,-1.585992
110.830315,2.677944,0.793080,-0.107125,-0.801960,0.462201,-1.605523
110.877696,2.697543,0.898335,-0.177695,-0.765507,0.453987,-1.585769
110.907990,2.760633,1.016371,-0.160005,-0.813597,0.469134,-1.635864
110.980189,2.884213,0.880385,-0.040306,-0.799376,0.504156,-1.661383
111.027402,2.697277,0.870586,-0.247424,-0.790858,0.426759,-1.581627
111.057597,2.681187,0.941373,-0.214871,-0.803618,0.440746,-1.606023
111.128012,2.719522,0.652028,-0.208238,-0.758314,0.439844,-1.502477
111.177658,2.743566,0.904229,-0.202114,-0.798491,0.464339,-1.614090
111.207713,2.699250,0.910288,-0.140547,-0.796621,0.464658,-1.594987
111.280032,2.705464,0.778321,-0.175026,-0.776958,0.439768,-1.591176
111.329313,2.688907,0.825572,-0.286615,-0.798219,0.397947,-1.575066
111.379788,2.689043,0.873606,-0.123596,-0.771913,0.451909,-1.576357
111.427755,2.763995,0.712159,-0.153721,-0.777306,0.470347,-1.520976
111.477415,2.882461,0.905627,-0.224450,-0.777496,0.455232,-1.605933
111.529344,2.725386,0.815133,-0.212159,-0.794947,0.425870,-1.556392
111.577303,2.838823,0.840264,-0.163195,-0.783114,0.462404,-1.603037
111.632343,2.741523,0.858142,-0.225320,-0.768573,0.431707,-1.572792
111.680454,2.799983,0.846372,-0.131909,-0.772014,0.485464,-1.588760
111.727417,2.681078,0.828121,-0.164824,-0.787239,0.443947,-1.592835
111.783003,2.641866,0.862995,-0.196186,-0.803266,0.437517,-1.592115
111.828978,2.808893,0.781779,-0.248974,-0.768691,0.433474,-1.562098
111.877829,2.663577,0.840799,-0.109264,-0.765372,0.454536,-1.569628
111.931702,2.764161,0.810970,-0.215058,-0.754784,0.448292,-1.564583
111.979967,2.971143,0.802293,-0.281583,-0.783618,0.445891,-1.580950
112.027113,2.669570,0.928859,-0.084996,-0.798267,0.456041,-1.620293
112.081580,2.677355,0.861188,-0.161386,-0.778884,0.462619,-1.579224
112.130808,2.834923,0.863348,-0.227762,-0.795920,0.442244,-1.597909
112.177580,2.680264,0.742943,-0.147114,-0.744100,0.457500,-1.530218
112.232522,2.964873,0.879518,-0.035957,-0.771573,0.499815,-1.600797
112.279958,2.646161,0.803358,-0.313730,-0.770286,0.434318,-1.529428
112.327726,2.259947,0.839030,-0.265829,-0.807996,0.398945,-1.601350
112.377967,2.717420,0.913217,-0.066681,-0.801039,0.471867,-1.630154
112.427776,3.060222,0.769269,-0.533651,-0.780267,0.407157,-1.534227
112.477880,2.555355,0.411433,0.312513,-0.742709,0.494076,-1.507365
112.528497,2.917848,0.611259,-0.416921,-0.934475,0.337692,-1.985648
112.577140,1.701512,-1.868892,0.430004,-0.596961,0.499115,-1.201235
112.627624,2.897050,-0.351336,0.332962,-0.752311,0.475477,-1.626796
112.678417,3.445988,0.154644,-0.505091,-0.826801,0.358021,-1.685318
112.728638,2.051924,0.171745,0.882096,-0.771486,0.563376,-1.651533
112.812850,2.829653,-0.513754,-0.161661,-0.739615,0.434950,-1.451790
112.853371,1.892916,0.586884,0.332564,-0.758147,0.524399,-1.586139
112.903066,3.455006,1.191052,-0.413622,-0.867305,0.424125,-1.819473
112.960799,2.914346,-0.546017,0.779415,-0.667041,0.587736,-1.404912
113.003041,2.564219,0.568559,-0.678618,-0.833976,0.331739,-1.653372
113.052714,2.861568,1.331131,-0.209581,-0.865399,0.431856,-1.829046
113.108815,2.756565,-0.264376,0.733143,-0.708703,0.609500,-1.486018
113.153941,3.017081,-0.039913,-0.852097,-0.718066,0.373128,-1.428853
113.204121,2.269673,1.320489,0.161109,-0.827857,0.476107,-1.769602
113.254346,2.616368,-0.075436,0.337763,-0.696213,0.537843,-1.445234
113.304200,3.029534,-0.223309,-0.604162,-0.735640,0.368087,-1.417393
113.353012,2.480982,1.376457,0.084803,-0.872519,0.470314,-1.862955
113.404580,2.814775,0.254017,0.116561,-0.776850,0.481612,-1.580658
113.452384,3.038290,-0.017760,-0.222885,-0.769182,0.420212,-1.534584
113.505355,2.810097,0.885764,-0.332195,-0.813441,0.419527,-1.675784
113.553160,2.460091,0.332381,0.279090,-0.756134,0.508912,-1.539484
113.602200,2.809212,0.096315,0.012556,-0.721962,0.503186,-1.486574
113.654481,2.834295,0.730793,-0.460420,-0.826786,0.393573,-1.698733
113.704216,2.361371,0.434893,0.297640,-0.749726,0.513421,-1.570680
113.753659,2.758735,0.301515,-0.054516,-0.761127,0.461437,-1.547194
113.802804,3.025815,0.381721,-0.373422,-0.802739,0.423854,-1.578594
113.852943,2.580614,0.530333,0.095247,-0.784856,0.476315,-1.641221
113.902992,2.645205,0.558124,0.231706,-0.794280,0.517198,-1.632527
113.952542,2.960940,0.354942,-0.440906,-0.781937,0.385164,-1.561373
114.003556,2.721315,0.314033,-0.087964,-0.763119,0.463310,-1.547230
114.052855,2.423842,0.667266,0.313363,-0.794148,0.494504,-1.678196
114.102763,3.095148,0.401587,-0.501141,-0.797056,0.392732,-1.598446
114.157996,2.686162,0.255795,-0.066491,-0.768497,0.434224,-1.541187
114.202733,2.413255,0.662618,0.213105,-0.790145,0.480340,-1.637294
114.258223,3.073770,0.453678,-0.323326,-0.793638,0.423066,-1.631189
114.302519,2.753610,0.294445,-0.049861,-0.786925,0.449629,-1.592079
114.352935,2.652904,0.545888,-0.042015,-0.790005,0.447908,-1.609190
114.407536,2.701508,0.538155,-0.033421,-0.813882,0.446470,-1.610449
114.452555,2.916801,0.161705,-0.285638,-0.762210,0.411217,-1.520298
114.503412,2.621505,0.468565,-0.093396,-0.796990,0.428534,-1.612544
114.557823,2.735449,0.623246,0.056847,-0.785008,0.479789,-1.627427
114.602684,2.966084,0.202222,-0.420142,-0.766808,0.401925,-1.540787
114.653320,2.688242,0.414235,-0.017143,-0.783465,0.443851,-1.604799
114.708827,2.626823,0.678058,0.001564,-0.801041,0.453674,-1.641003
114.752803,2.916031,0.375132,-0.294410,-0.800749,0.421117,-1.610711
114.806682,2.693765,0.330795,0.000905,-0.768198,0.464870,-1.572891
114.856972,2.604835,0.611352,-0.016073,-0.798196,0.467037,-1.616269
114.927890,2.853391,0.334547,-0.160347,-0.789679,0.438491,-1.593226
114.977546,2.730138,0.432857,-0.123458,-0.777886,0.422732,-1.604143
115.027847,2.679699,0.579958,-0.052967,-0.790482,0.456502,-1.603644
115.077997,2.824220,0.417130,-0.147696,-0.793544,0.439989,-1.599268
115.133021,2.695458,0.380516,-0.029501,-0.777479,0.464826,-1.586188
115.177616,2.513088,0.635505,-0.029653,-0.790421,0.461165,-1.633888
115.228402,2.652340,0.602391,-0.173911,-0.816014,0.417510,-1.658808
115.282614,2.779089,0.175269,-0.042544,-0.745420,0.464502,-1.502174
115.329475,2.629251,0.401008,-0.088859,-0.762337,0.436205,-1.527599
115.377910,2.715252,0.471374,-0.039103,-0.764109,0.472365,-1.574205
115.432840,2.789891,0.278368,-0.116735,-0.774663,0.454160,-1.579728
115.477736,2.684546,0.510092,-0.015015,-0.776588,0.472262,-1.619507
115.527864,2.778174,0.590737,-0.140137,-0.811520,0.443350,-1.631327
115.582826,2.792738,0.328733,-0.119108,-0.793748,0.443223,-1.592308
115.627866,2.720453,0.335870,-0.066909,-0.770648,0.437053,-1.537272
115.677344,2.712350,0.599514,-0.087067,-0.791705,0.447248,-1.608965
115.732472,2.753985,0.209144,-0.070180,-0.742802,0.437314,-1.497928
115.777694,2.791695,0.354177,-0.097479,-0.776083,0.460147,-1.576601
115.830577,2.753370,0.476682,-0.128436,-0.785185,0.449817,-1.555823
115.877712,2.856809,0.551320,-0.108299,-0.818914,0.435455,-1.659108
115.931546,2.746420,0.401277,-0.182732,-0.811298,0.430920,-1.635535
115.977841,2.777673,0.623821,-0.014933,-0.783680,0.483138,-1.666049
116.027681,2.459846,0.515447,-0.069253,-0.795951,0.443272,-1.596214
116.078668,2.995834,0.424000,-0.054062,-0.793453,0.488697,-1.643282
116.128914,2.729007,0.556695,-0.059743,-0.798522,0.457249,-1.624625
116.177840,2.462692,0.608482,0.077609,-0.788392,0.458382,-1.633853
116.227690,2.980300,0.346384,-0.179701,-0.795846,0.453300,-1.602860
116.278090,2.780166,0.389857,-0.212587,-0.799679,0.428074,-1.573395
116.329803,2.435045,0.643267,0.176875,-0.772205,0.476154,-1.635402
116.380277,2.788455,0.419103,-0.244673,-0.780553,0.441633,-1.613453
116.432629,2.855427,0.409169,-0.187780,-0.789145,0.438421,-1.620972
116.477612,2.555114,0.607899,0.276479,-0.769958,0.528149,-1.621647
116.529442,2.988120,0.446490,-0.276120,-0.791425,0.438242,-1.618982
116.578002,2.846074,0.402245,-0.086130,-0.783005,0.435911,-1.627422
116.627762,2.628829,0.471332,0.000968,-0.774683,0.474447,-1.563239
116.679265,2.635964,0.585053,-0.238827,-0.790585,0.391268,-1.613483
116.727911,2.812409,0.365570,-0.085767,-0.777717,0.443531,-1.600595
116.779229,2.770420,0.431054,-0.117377,-0.769147,0.471834,-1.581911
116.828272,2.725507,0.648500,-0.007889,-0.804217,0.470045,-1.665035
116.885947,2.929473,0.319099,-0.240001,-0.793150,0.427879,-1.580735
116.932078,2.895066,0.377496,-0.152457,-0.773919,0.449065,-1.602396
116.978373,2.597620,0.654080,0.089427,-0.770638,0.485658,-1.641186
117.032752,2.727682,0.401222,-0.158456,-0.802497,0.438058,-1.592900
117.103262,2.682707,0.507797,0.036349,-0.786004,0.473878,-1.615710
117.152975,2.682693,0.606931,-0.028360,-0.797633,0.457088,-1.632299
117.183031,2.875539,0.481227,-0.205094,-0.796072,0.444231,-1.646691
117.253780,2.711216,0.318991,-0.090353,-0.770428,0.426579,-1.531399
117.303434,2.688834,0.712873,-0.051716,-0.827397,0.460589,-1.692428
117.332363,2.729851,0.498436,-0.197627,-0.798079,0.421533,-1.591966
117.405783,2.822404,0.233945,-0.086939,-0.744850,0.453346,-1.530232
117.453824,2.723163,0.576922,-0.034707,-0.793874,0.471376,-1.625363
117.507420,2.731868,0.534392,0.012635,-0.779098,0.488837,-1.620882
117.552427,2.813880,0.261088,-0.165846,-0.764809,0.444002,-1.548664
117.603235,2.608610,0.488266,-0.019499,-0.778407,0.460358,-1.573074
117.644078,2.700850,0.547909,0.048666,-0.769366,0.487753,-1.596008
117.705288,2.896342,0.147694,-0.179493,-0.740500,0.457431,-1.467899
117.760161,2.620912,0.664615,0.070520,-0.823747,0.483332,-1.691644
117.803232,2.664278,0.652021,-0.009329,-0.811118,0.453690,-1.673434
117.853060,2.715600,0.477943,-0.230713,-0.811273,0.406740,-1.653394
117.907654,2.700049,0.500432,-0.101420,-0.786497,0.429366,-1.623516
117.956303,2.673925,0.540745,-0.147852,-0.798841,0.418196,-1.608411
118.004296,2.731793,0.517975,-0.077086,-0.790155,0.458696,-1.653497
118.059007,2.758710,0.347853,-0.107566,-0.759527,0.433279,-1.547463
118.104764,2.846994,0.548936,-0.116430,-0.794760,0.467637,-1.633622
118.156878,2.751099,0.312328,-0.042341,-0.745465,0.459117,-1.506099
118.208346,2.795065,0.294381,-0.187429,-0.769933,0.418034,-1.526633
118.254205,2.742399,0.507324,-0.144110,-0.792435,0.430382,-1.596974
118.303659,2.758815,0.529054,0.006420,-0.765159,0.486806,-1.631170
118.357383,2.964675,0.374240,-0.159478,-0.770640,0.473786,-1.574020
118.405074,2.703682,0.431716,-0.023111,-0.741846,0.476043,-1.565813
118.453798,2.777517,0.476768,-0.017882,-0.772359,0.465520,-1.572628
118.504977,2.663093,0.388761,-0.122831,-0.788367,0.424130,-1.591227
118.553550,2.758757,0.458946,-0.046711,-0.791736,0.471638,-1.592663
118.633922,2.852695,0.566270,-0.161357,-0.806428,0.437677,-1.670069
118.678295,2.784869,0.292337,-0.079901,-0.743771,0.471951,-1.519988
118.728107,2.601458,0.550465,-0.029357,-0.793415,0.443920,-1.615133
118.786520,2.956094,0.416814,-0.262470,-0.783297,0.406725,-1.602939
118.828768,2.675583,0.407995,-0.070126,-0.774125,0.436203,-1.587979
118.882706,2.637109,0.449304,-0.049111,-0.787887,0.441314,-1.578018
118.933772,2.793355,0.465040,-0.118384,-0.792675,0.451950,-1.600081
118.977987,2.722828,0.446698,-0.038115,-0.768931,0.437808,-1.578672
119.033281,2.781715,0.607401,-0.028908,-0.817895,0.486058,-1.697967
119.083555,2.778862,0.477515,-0.102902,-0.782688,0.463419,-1.605131
119.131055,2.677211,0.420173,-0.110885,-0.780484,0.433131,-1.557067
119.178725,2.767414,0.207525,-0.196375,-0.735237,0.482348,-1.490760
119.232712,2.877101,0.640412,0.033575,-0.799555,0.478747,-1.700331
119.279148,2.587517,0.535787,-0.135972,-0.800052,0.421576,-1.626175
119.327985,2.899232,0.428248,-0.235177,-0.788742,0.426740,-1.617677
119.382087,2.563981,0.407858,0.047400,-0.741528,0.478921,-1.533526
119.428106,2.655968,0.563823,-0.121827,-0.802835,0.451078,-1.644705
119.482745,2.890838,0.318094,-0.185414,-0.768051,0.439376,-1.566206
119.528389,2.721386,0.381904,0.135153,-0.754840,0.498127,-1.525155
119.578874,2.764082,0.482412,-0.211493,-0.779136,0.439806,-1.595729
119.628211,2.809043,0.312744,-0.074936,-0.767008,0.449737,-1.557220
119.679467,2.682505,0.424286,-0.010680,-0.768059,0.452856,-1.571330
119.728646,2.766013,0.599239,-0.296016,-0.819335,0.401663,-1.641805
119.778067,2.693305,0.511232,0.010102,-0.793758,0.459196,-1.630395
119.829238,2.816807,0.310575,-0.198951,-0.777536,0.425589,-1.564651
119.880796,2.798491,0.497896,-0.036397,-0.762659,0.478617,-1.578438
119.929940,2.804250,0.559181,-0.037240,-0.814968,0.474428,-1.664469
119.979202,2.958476,0.279242,-0.228901,-0.768532,0.452127,-1.569768
120.030125,2.684020,0.667017,0.161535,-0.791543,0.496918,-1.655617
120.084579,2.761793,0.596014,-0.197060,-0.794458,0.438683,-1.634259
120.128031,2.750165,0.284491,-0.211824,-0.782978,0.425199,-1.553552
120.181192,2.606504,0.621548,0.213785,-0.796885,0.509587,-1.646623
120.229131,2.798590,0.600498,-0.357370,-0.811193,0.409831,-1.646011
120.277778,2.834690,0.261648,-0.028325,-0.757642,0.484551,-1.551365
120.328270,2.706180,0.545153,0.041797,-0.794217,0.462262,-1.629740
120.382649,2.856802,0.493748,-0.393778,-0.791270,0.406999,-1.621074
120.428376,2.745642,0.360432,0.148938,-0.753662,0.501689,-1.563157
120.504213,2.883957,0.485223,-0.323725,-0.804968,0.420842,-1.604678
120.534829,2.686446,0.500614,-0.204161,-0.785202,0.417194,-1.579305
120.603532,2.745798,0.396405,-0.040006,-0.778926,0.452444,-1.592835
120.655306,2.965791,0.321479,-0.253296,-0.761146,0.433494,-1.518336
120.683847,2.791358,0.498583,-0.117530,-0.767735,0.458997,-1.602049
120.758050,2.793517,0.336281,0.006145,-0.758199,0.489263,-1.559083
120.802819,2.679521,0.500241,-0.185717,-0.808632,0.425597,-1.619859
120.835632,2.686020,0.524668,-0.031121,-0.769678,0.458126,-1.584708
120.904104,2.637434,0.321840,-0.187107,-0.763376,0.430807,-1.537032
120.955041,2.685065,0.439541,-0.113787,-0.781336,0.434382,-1.575208
121.003899,2.736735,0.464219,-0.133935,-0.768764,0.436708,-1.581701
121.053097,2.760041,0.235090,-0.136127,-0.737572,0.440235,-1.479720
121.108485,2.669883,0.415382,0.119947,-0.749867,0.499374,-1.538275
121.153371,2.773723,0.466842,-0.228174,-0.796161,0.415330,-1.587291
121.203512,2.653072,0.484650,-0.047475,-0.786488,0.452039,-1.599711
121.258838,2.721021,0.504188,0.045922,-0.786371,0.481592,-1.614495
121.303068,2.769429,0.619537,-0.209194,-0.815414,0.425028,-1.672390
121.353720,2.704036,0.518284,-0.115167,-0.822227,0.426111,-1.660679
121.407090,2.510370,0.584334,-0.006484,-0.793616,0.433859,-1.638021
121.458101,2.814882,0.479421,-0.186315,-0.786688,0.425952,-1.576276
121.504849,2.922935,0.530320,-0.095877,-0.794981,0.443638,-1.651774
121.557256,2.724524,0.340677,-0.080359,-0.767427,0.455814,-1.545349
121.604453,2.671311,0.649254,-0.111436,-0.805540,0.443152,-1.651265
121.656265,2.799370,0.427018,-0.190690,-0.781837,0.421833,-1.577909
121.708089,2.701849,0.419690,-0.128258,-0.796739,0.423865,-1.623598
121.756067,2.552100,0.675473,0.017544,-0.819769,0.456957,-1.663765
121.803637,2.929787,0.522625,-0.149387,-0.794535,0.450914,-1.639307
121.856856,2.895149,0.091868,-0.173444,-0.721376,0.434119,-1.449289
121.903391,2.517402,0.436227,0.076824,-0.723124,0.474887,-1.492347
121.953781,2.841553,0.509050,-0.138815,-0.784894,0.463018,-1.591663
122.003254,2.862344,0.161196,-0.227362,-0.749278,0.410851,-1.499762
